benign.rotation,forward.rotation,reverse.rotation
0.15919755399227142,0.15919755399227142,0.15919755399227142
0.15919755399227142,0.15919755399227142,0.15919755399227142
0.15919755399227142,0.15919755399227142,0.15919755399227142
0.15919755399227142,0.15919755399227142,0.15919755399227142
0.15919755399227142,0.15919755399227142,0.15919755399227142
0.15919755399227142,0.15919755399227142,0.15919755399227142
0.15919755399227142,0.15919755399227142,0.15919755399227142
0.15919755399227142,0.15919755399227142,0.15919755399227142
0.15919755399227142,0.15919755399227142,0.15919755399227142
0.15919755399227142,0.15919755399227142,0.15919755399227142
0.15919755399227142,0.15919755399227142,0.15919755399227142
0.15919755399227142,0.15919755399227142,0.15919755399227142
0.15919755399227142,0.15919755399227142,0.15919755399227142
0.15919755399227142,0.15919755399227142,0.15919755399227142
0.15919755399227142,0.15919755399227142,0.15919755399227142
0.15919755399227142,0.15919755399227142,0.15919755399227142
0.15919755399227142,0.15919755399227142,0.15919755399227142
0.15911337733268738,0.15919755399227142,0.15919755399227142
0.14347462356090546,0.15919755399227142,0.15919755399227142
0.1490229070186615,0.15883256494998932,0.15928304195404053
0.12223664671182632,0.1544283926486969,0.1571255326271057
0.12449483573436737,0.15094999969005585,0.15763258934020996
0.12761731445789337,0.14701591432094574,0.1581447571516037
0.10980866849422455,0.15004530549049377,0.14557839930057526
0.08919855952262878,0.1529156118631363,0.13808229565620422
0.07359461486339569,0.15323299169540405,0.1400555670261383
0.06413092464208603,0.1530955284833908,0.14193777740001678
0.05732416734099388,0.15380805730819702,0.14215399324893951
0.050095248967409134,0.15463495254516602,0.14259520173072815
0.04179992526769638,0.15433195233345032,0.14363262057304382
0.037408847361803055,0.15579348802566528,0.14461874961853027
0.041950732469558716,0.15626534819602966,0.14687617123126984
0.04332944378256798,0.15666106343269348,0.14805452525615692
0.0498308502137661,0.15718819200992584,0.1484673172235489
0.058382511138916016,0.1576247215270996,0.14955292642116547
0.0732211247086525,0.15798570215702057,0.15065117180347443
0.084720179438591,0.15850210189819336,0.1517592966556549
0.09439601004123688,0.15900230407714844,0.1528760939836502
0.10339238494634628,0.15944473445415497,0.15393008291721344
0.1106586754322052,0.15974941849708557,0.15478621423244476
0.11731165647506714,0.16003385186195374,0.15556788444519043
0.12369505316019058,0.16029071807861328,0.15627430379390717
0.1293851137161255,0.16053460538387299,0.1569235473871231
0.13579583168029785,0.16074953973293304,0.15755222737789154
0.1398116797208786,0.16093724966049194,0.15806233882904053
0.1435667872428894,0.16111227869987488,0.15861426293849945
0.1469777375459671,0.1612548679113388,0.15915770828723907
0.1500052511692047,0.16138309240341187,0.1596393883228302
0.15238380432128906,0.16149018704891205,0.16004787385463715
0.15460090339183807,0.16157235205173492,0.16039663553237915
0.15567636489868164,0.16169317066669464,0.16069291532039642
0.1566506028175354,0.1616702675819397,0.1610703319311142
0.15773418545722961,0.16138973832130432,0.1608017235994339
0.15931759774684906,0.16104309260845184,0.1607787013053894
0.1597166806459427,0.16076786816120148,0.16059638559818268
0.15991854667663574,0.16067354381084442,0.16046078503131866
0.1600141078233719,0.16072586178779602,0.16043494641780853
0.16058091819286346,0.16086632013320923,0.16034536063671112
0.16187186539173126,0.16111603379249573,0.16033923625946045
0.16323380172252655,0.1610962301492691,0.1605791598558426
0.16418009996414185,0.16081079840660095,0.16043268144130707
0.16474846005439758,0.16064143180847168,0.16022580862045288
0.16498775780200958,0.16215665638446808,0.16013869643211365
0.16498775780200958,0.163619726896286,0.16109172999858856
0.16543637216091156,0.16496938467025757,0.16226136684417725
0.16554628312587738,0.1662987619638443,0.16326405107975006
0.1630343645811081,0.16674651205539703,0.1639913022518158
0.16256240010261536,0.16682225465774536,0.16438163816928864
0.1623949110507965,0.16679778695106506,0.1637587994337082
0.16187340021133423,0.1667340248823166,0.17190492153167725
0.16052745282649994,0.16665241122245789,0.19160637259483337
0.15983524918556213,0.16652095317840576,0.22948071360588074
0.15918481349945068,0.1663556694984436,0.3045734465122223
0.15853558480739594,0.1661684215068817,0.33939486742019653
0.15825636684894562,0.16595441102981567,0.3494277894496918
0.15824256837368011,0.16569848358631134,0.3655221462249756
0.15847255289554596,0.16539831459522247,0.35623329877853394
0.1588638871908188,0.16506195068359375,0.3668024241924286
0.15935726463794708,0.16478510200977325,0.36696967482566833
0.15977711975574493,0.16443336009979248,0.3669818937778473
0.1600557565689087,0.16414658725261688,0.3667052984237671
0.16008822619915009,0.16390247642993927,0.36641305685043335
0.1598697453737259,0.16353729367256165,0.35497942566871643
0.1595103144645691,0.16326846182346344,0.36467206478118896
0.159060999751091,0.16299603879451752,0.3647403120994568
0.15861907601356506,0.16261762380599976,0.3651522099971771
0.15838702023029327,0.1623157411813736,0.36527496576309204
0.15841646492481232,0.16204799711704254,0.36509495973587036
0.15875451266765594,0.16179420053958893,0.3649713397026062
0.15919193625450134,0.16154585778713226,0.36502623558044434
0.1596306562423706,0.1612926572561264,0.364877849817276
0.15991875529289246,0.1610354334115982,0.3650345802307129
0.16006988286972046,0.16079497337341309,0.364827960729599
0.1599622368812561,0.16055843234062195,0.3649456202983856
0.1596456915140152,0.16031089425086975,0.3649762272834778
0.159243643283844,0.1600571721792221,0.3649868965148926
0.15878206491470337,0.15981276333332062,0.36458736658096313
0.15850991010665894,0.1595516949892044,0.3648082911968231
0.15839186310768127,0.15930169820785522,0.35252660512924194
0.15845787525177002,0.1590648740530014,0.36841607093811035
0.1586986482143402,0.15882670879364014,0.3552318215370178
0.15908917784690857,0.1586034595966339,0.3554496169090271
0.15946580469608307,0.15838013589382172,0.36904045939445496
0.15975239872932434,0.15812931954860687,0.3573059141635895
0.15990641713142395,0.15784089267253876,0.35729360580444336
0.15986575186252594,0.157627671957016,0.357157826423645
0.15965743362903595,0.15709269046783447,0.35716894268989563
0.15932704508304596,0.1567782759666443,0.3579798936843872
0.1589750051498413,0.15651381015777588,0.3579249083995819
0.15859900414943695,0.1562364399433136,0.35787418484687805
0.1584547758102417,0.15600645542144775,0.35786890983581543
0.1586429923772812,0.15577012300491333,0.3579444885253906
0.1595221608877182,0.1554936170578003,0.35838204622268677
0.1600126028060913,0.15520969033241272,0.3584844470024109
0.15984798967838287,0.1550072729587555,0.35843485593795776
0.15942028164863586,0.15446341037750244,0.35852861404418945
0.16347581148147583,0.15461546182632446,0.36534255743026733
0.18178550899028778,0.15502360463142395,0.37909162044525146
0.1859823614358902,0.15490004420280457,0.37221428751945496
0.19244050979614258,0.15431445837020874,0.3785772919654846
0.1925167441368103,0.15373137593269348,0.37832367420196533
0.18921425938606262,0.15321721136569977,0.38001590967178345
0.18496568500995636,0.15283158421516418,0.3833063244819641
0.17839430272579193,0.15253543853759766,0.36649924516677856
0.17367833852767944,0.15230022370815277,0.3722509741783142
0.1769135594367981,0.15209035575389862,0.3660661578178406
0.18204937875270844,0.152042955160141,0.3704913854598999
0.18646180629730225,0.15194545686244965,0.37414270639419556
0.16950464248657227,0.15182693302631378,0.37211647629737854
0.1635282188653946,0.15171833336353302,0.3694060444831848
0.16668032109737396,0.15183350443840027,0.36338865756988525
0.17634424567222595,0.15300703048706055,0.37295863032341003
0.19134414196014404,0.15318898856639862,0.3609107434749603
0.20420880615711212,0.1530194878578186,0.3733024597167969
0.21333621442317963,0.15104101598262787,0.3736409544944763
0.21997693181037903,0.15001176297664642,0.3714704215526581
0.22631944715976715,0.149966299533844,0.36721137166023254
0.23143409192562103,0.14983966946601868,0.3670504093170166
0.24204321205615997,0.1493876427412033,0.3727741241455078
0.22697138786315918,0.14903733134269714,0.382550984621048
0.22682595252990723,0.14916211366653442,0.3808133602142334
0.2252306193113327,0.14897850155830383,0.3822605311870575
0.23788079619407654,0.14862239360809326,0.37949857115745544
0.23973295092582703,0.14853565394878387,0.37471938133239746
0.24517835676670074,0.14860646426677704,0.37345361709594727
0.2535313665866852,0.14843137562274933,0.3776565194129944
0.26108264923095703,0.14837196469306946,0.36231446266174316
0.26455602049827576,0.1481325626373291,0.3591311275959015
0.2530367076396942,0.14781837165355682,0.361234575510025
0.24582017958164215,0.1546144038438797,0.36377397179603577
0.244404137134552,0.14608395099639893,0.36380913853645325
0.2324836254119873,0.14809542894363403,0.3666956126689911
0.21908940374851227,0.162069633603096,0.36250829696655273
0.2031305730342865,0.15308243036270142,0.36259549856185913
0.18532276153564453,0.14082154631614685,0.3617769479751587
0.17474369704723358,0.13054893910884857,0.36014750599861145
0.16452063620090485,0.12484395503997803,0.3620099723339081
0.16037167608737946,0.11275134235620499,0.36876457929611206
0.16222551465034485,0.09897846728563309,0.3613176941871643
0.1611107438802719,0.09654831886291504,0.3714073598384857
0.15935546159744263,0.09724818915128708,0.3753168284893036
0.15788520872592926,0.09785547107458115,0.3718288540840149
0.15670907497406006,0.09832067787647247,0.3768140375614166
0.1558547019958496,0.0986037626862526,0.3761773407459259
0.15535499155521393,0.09886910021305084,0.3739317059516907
0.15496927499771118,0.09898729622364044,0.37595972418785095
0.15498141944408417,0.09301266074180603,0.36417248845100403
0.1549844741821289,0.09936543554067612,0.3618706166744232
0.1533007174730301,0.09999015182256699,0.36180397868156433
0.1558780074119568,0.10040366649627686,0.35603824257850647
0.15721295773983002,0.09371345490217209,0.354782372713089
0.15518046915531158,0.09321349114179611,0.35155707597732544
0.13224180042743683,0.10369669646024704,0.35195910930633545
0.10161691159009933,0.1040252223610878,0.3502824306488037
0.07637785375118256,0.09706654399633408,0.35171830654144287
0.05867014080286026,0.09703557938337326,0.350053995847702
0.04792878031730652,0.09710767865180969,0.35143381357192993
0.04292777553200722,0.0972120612859726,0.3660795986652374
0.040820758789777756,0.09745041280984879,0.35187458992004395
0.04290323704481125,0.09757284820079803,0.3610205352306366
0.043186455965042114,0.09778425097465515,0.36804649233818054
0.07270646840333939,0.0979275032877922,0.37171897292137146
0.123434878885746,0.09838492423295975,0.3643999993801117
0.1383088082075119,0.09855204820632935,0.3549393117427826
0.12908968329429626,0.09883011132478714,0.348347544670105
0.12208878248929977,0.09864387661218643,0.34825125336647034
0.11785945296287537,0.0990665927529335,0.338382750749588
0.10634859651327133,0.106845423579216,0.33775344491004944
0.11707957088947296,0.131336972117424,0.33068525791168213
0.0979166179895401,0.13460195064544678,0.3312855660915375
0.09397566318511963,0.1357279270887375,0.33093389868736267
0.10136403888463974,0.12821471691131592,0.3283582031726837
0.09653123468160629,0.1285918653011322,0.32998892664909363
0.11275026202201843,0.12933073937892914,0.32988014817237854
0.11856932938098907,0.13115882873535156,0.3324776291847229
0.10257702320814133,0.1315762996673584,0.3390713930130005
0.10778792202472687,0.13203929364681244,0.3444957435131073
0.10360401123762131,0.13323360681533813,0.3454926013946533
0.07756458967924118,0.13669267296791077,0.3457188010215759
0.0699886679649353,0.14146237075328827,0.3456880450248718
0.07660004496574402,0.14656515419483185,0.34696245193481445
0.07912331819534302,0.1296493262052536,0.3461468815803528
0.08454173803329468,0.10165244340896606,0.34467217326164246
0.08729132264852524,0.09748918563127518,0.3449542224407196
0.09236973524093628,0.10278122127056122,0.34363722801208496
0.10079685598611832,0.1059054285287857,0.3431241512298584
0.10718496888875961,0.10518425703048706,0.34208983182907104
0.10980002582073212,0.10478372871875763,0.35177290439605713
0.10203196108341217,0.10510839521884918,0.3334008753299713
0.09133057296276093,0.10615041851997375,0.3212178945541382
0.06994523108005524,0.10538260638713837,0.31727805733680725
0.06709019094705582,0.10291815549135208,0.3155621588230133
0.06670790910720825,0.10184797644615173,0.311376690864563
0.07110810279846191,0.10151789337396622,0.3118261396884918
0.07862301915884018,0.10017310827970505,0.3127642273902893
0.08758227527141571,0.09824226796627045,0.31373414397239685
0.09794246405363083,0.09755018353462219,0.31223294138908386
0.10780280083417892,0.09602897614240646,0.3112286925315857
0.1295052021741867,0.09514698386192322,0.308462530374527
0.11548211425542831,0.1003962904214859,0.3084844946861267
0.11054223030805588,0.10829516500234604,0.3102937340736389
0.10244167596101761,0.12088040262460709,0.3105427622795105
0.0909029021859169,0.13597260415554047,0.30759745836257935
0.09236861020326614,0.1534298062324524,0.307763010263443
0.08865159749984741,0.16980236768722534,0.30430424213409424
0.08694934099912643,0.18740297853946686,0.3063764274120331
0.078847236931324,0.20004308223724365,0.3073199987411499
0.07169540971517563,0.212184339761734,0.3101477026939392
0.0898577868938446,0.21943669021129608,0.3152365982532501
0.08037789165973663,0.2322215437889099,0.3101566731929779
0.08256281167268753,0.24681274592876434,0.3120530843734741
0.0934242233633995,0.2503979504108429,0.3151818513870239
0.08990150690078735,0.25102895498275757,0.3151528239250183
0.09348569065332413,0.2512584328651428,0.3157256245613098
0.09376369416713715,0.2513340413570404,0.31323832273483276
0.09322819113731384,0.2518891394138336,0.3127630650997162
0.09590990096330643,0.25155118107795715,0.31081172823905945
0.10053342580795288,0.2515808939933777,0.3117966949939728
0.1043790876865387,0.25130537152290344,0.31173068284988403
0.11648935079574585,0.25117775797843933,0.3098263144493103
0.09034619480371475,0.2511376142501831,0.30995237827301025
0.07498835772275925,0.2510654330253601,0.3081376552581787
0.06977478414773941,0.25100067257881165,0.30854135751724243
0.07792521268129349,0.25097838044166565,0.30840378999710083
0.07756698131561279,0.25092098116874695,0.3073655962944031
0.05531134456396103,0.2508662939071655,0.30765947699546814
0.05198676139116287,0.25084182620048523,0.30781182646751404
0.0581803098320961,0.250775009393692,0.3066243827342987
0.07446777075529099,0.25080278515815735,0.3059316873550415
0.08565113693475723,0.2506813406944275,0.30558380484580994
0.09239280223846436,0.24988007545471191,0.30627328157424927
0.10014351457357407,0.24991804361343384,0.3059021234512329
0.08927644044160843,0.2485397309064865,0.30741891264915466
0.08994241058826447,0.2498728483915329,0.3099745512008667
0.08854623138904572,0.2497863471508026,0.31060412526130676
0.09480253607034683,0.24972045421600342,0.3098323345184326
0.0730021670460701,0.24887052178382874,0.31065988540649414
0.08128786087036133,0.2494809925556183,0.30928102135658264
0.077202707529068,0.2494855523109436,0.30939698219299316
0.06627125293016434,0.24964958429336548,0.3096194863319397
0.06942137330770493,0.2496008425951004,0.3087463974952698
0.07014618813991547,0.2494378238916397,0.3083709180355072
0.0715971514582634,0.2493429183959961,0.3068929612636566
0.07257969677448273,0.2493225634098053,0.3093472421169281
0.07415227591991425,0.2493239790201187,0.3104182481765747
0.07815118879079819,0.24970676004886627,0.3105778694152832
0.08229728043079376,0.2497938722372055,0.3122504651546478
0.09534906595945358,0.24948936700820923,0.31299614906311035
0.09908427298069,0.24966666102409363,0.31232690811157227
0.09994997829198837,0.24986447393894196,0.3136686384677887
0.09496640413999557,0.24929015338420868,0.3171994686126709
0.0914716124534607,0.24862788617610931,0.3178577125072479
0.09550255537033081,0.24838373064994812,0.31975874304771423
0.09849008917808533,0.24803529679775238,0.3204474449157715
0.09885186702013016,0.24815437197685242,0.32146191596984863
0.09568758308887482,0.24815437197685242,0.3210332691669464
0.09055948257446289,0.24807769060134888,0.3214133083820343
0.0877685695886612,0.2494826465845108,0.32197895646095276
0.08421900123357773,0.24768789112567902,0.3195488750934601
0.0809578001499176,0.2472117394208908,0.31883904337882996
0.07956872880458832,0.24804741144180298,0.3165324330329895
0.07641749083995819,0.24720636010169983,0.31557661294937134
0.08070982992649078,0.24803364276885986,0.31304478645324707
0.08077944070100784,0.2472151815891266,0.3130606710910797
0.06985694169998169,0.24730531871318817,0.3003775179386139
0.07662206143140793,0.24719850718975067,0.30371201038360596
0.07921730726957321,0.24719110131263733,0.30425018072128296
0.06089405342936516,0.24705927073955536,0.30893388390541077
0.07237747311592102,0.24688200652599335,0.3013780117034912
0.08241147547960281,0.2467208206653595,0.31166982650756836
0.07355832308530807,0.2470792979001999,0.31340429186820984
0.08842594176530838,0.24735310673713684,0.31794196367263794
0.0884142592549324,0.24772495031356812,0.3278999626636505
0.10484761744737625,0.24845774471759796,0.3467012047767639
0.11091021448373795,0.24807873368263245,0.3526577949523926
0.11136147379875183,0.24808038771152496,0.3606106638908386
0.1085466742515564,0.24851100146770477,0.375282883644104
0.10135424882173538,0.2484358698129654,0.3942485749721527
0.08883678168058395,0.24788682162761688,0.39484959840774536
0.06605943292379379,0.2458348572254181,0.40209153294563293
0.06659850478172302,0.24625304341316223,0.41370806097984314
0.08655506372451782,0.2464376986026764,0.416370689868927
0.07860598713159561,0.24662451446056366,0.40204861760139465
0.07712990790605545,0.24638323485851288,0.4098701477050781
0.07075927406549454,0.24614113569259644,0.4126751124858856
0.0674249678850174,0.24534249305725098,0.41873279213905334
0.06327159702777863,0.2450839877128601,0.42675450444221497
0.0480971559882164,0.2453181892633438,0.4400930404663086
0.04528970643877983,0.244948610663414,0.4453318119049072
0.058874648064374924,0.24520879983901978,0.45143595337867737
0.0557975172996521,0.2460288107395172,0.459982305765152
0.07309921830892563,0.24422785639762878,0.4585340619087219
0.07361624389886856,0.24535271525382996,0.4456670880317688
0.06830549240112305,0.24469317495822906,0.43316158652305603
0.06487157940864563,0.24618428945541382,0.4273490011692047
0.06296273320913315,0.2444418966770172,0.42675459384918213
0.07203208655118942,0.24494695663452148,0.42638710141181946
0.06852532178163528,0.2445562481880188,0.4275151491165161
0.07501524686813354,0.24456468224525452,0.4306357204914093
0.08419542759656906,0.2453630119562149,0.43047526478767395
0.08717431128025055,0.24598485231399536,0.4311249852180481
0.09171786904335022,0.24549390375614166,0.4311351776123047
0.09681840986013412,0.24559296667575836,0.43211543560028076
0.09705110639333725,0.2451450079679489,0.4366701543331146
0.10527171194553375,0.24574697017669678,0.4360130727291107
0.09340234845876694,0.24524585902690887,0.43808966875076294
0.08450814336538315,0.24635876715183258,0.4385315477848053
0.09395954012870789,0.24532467126846313,0.4396774470806122
0.08727241307497025,0.2455434948205948,0.4394073188304901
0.08769257366657257,0.2451557070016861,0.4395606815814972
0.09246222674846649,0.24501915276050568,0.4390495717525482
0.0833173617720604,0.2448146492242813,0.43746745586395264
0.09156693518161774,0.24458353221416473,0.43690404295921326
0.09752686321735382,0.24417532980442047,0.4378768801689148
0.09778822958469391,0.24337086081504822,0.4373630881309509
0.08919642865657806,0.24457742273807526,0.43714842200279236
0.07588183879852295,0.24577829241752625,0.43659207224845886
0.04059281572699547,0.24619078636169434,0.4321018159389496
0.04278692230582237,0.24465571343898773,0.432294100522995
0.04152986407279968,0.2439509779214859,0.4335259795188904
0.043272536247968674,0.24445144832134247,0.4333799481391907
0.046834252774715424,0.24445843696594238,0.4302102327346802
0.04666147381067276,0.24733488261699677,0.4295717775821686
0.047441888600587845,0.24590614438056946,0.42746785283088684
0.03561926260590553,0.24716396629810333,0.4289436340332031
0.039509858936071396,0.24493078887462616,0.42912742495536804
0.03969018533825874,0.24425248801708221,0.42957502603530884
0.044723644852638245,0.24379302561283112,0.4324492812156677
0.03484559804201126,0.24354690313339233,0.43080493807792664
0.05132908746600151,0.24383582174777985,0.42844679951667786
0.057517074048519135,0.24294161796569824,0.43010544776916504
0.06392369419336319,0.24195025861263275,0.4303126931190491
0.07029501348733902,0.24379201233386993,0.4308500289916992
0.07754024863243103,0.2424878180027008,0.4312150180339813
0.08214078098535538,0.24161210656166077,0.4314088225364685
0.09362172335386276,0.24280112981796265,0.4336334764957428
0.09370899945497513,0.24230164289474487,0.43313679099082947
0.07385281473398209,0.2435225397348404,0.4326530396938324
0.07227020710706711,0.24217693507671356,0.4323579967021942
0.08595353364944458,0.2428273856639862,0.4319838285446167
0.08213772624731064,0.24270552396774292,0.43411678075790405
0.08489958941936493,0.24261631071567535,0.43482765555381775
0.08598726987838745,0.24253928661346436,0.4356236755847931
0.09881304949522018,0.24080915749073029,0.43612000346183777
0.09628360718488693,0.239273339509964,0.436575323343277
0.08732221275568008,0.23893782496452332,0.4345414340496063
0.08233403414487839,0.2400878667831421,0.43418195843696594
0.08167468756437302,0.23970381915569305,0.4349796772003174
0.08540025353431702,0.24565553665161133,0.4337114691734314
0.09544481337070465,0.24343235790729523,0.4347304403781891
0.09243723005056381,0.24370023608207703,0.4365283250808716
0.08700735121965408,0.2398815155029297,0.43282565474510193
0.09425289928913116,0.2405347228050232,0.43313825130462646
0.09740038961172104,0.23897232115268707,0.4332411587238312
0.09147023409605026,0.24146707355976105,0.4332886338233948
0.09450727701187134,0.24159549176692963,0.4330856204032898
0.09478900581598282,0.24097268283367157,0.4319605231285095
0.09215763956308365,0.24038583040237427,0.43757542967796326
0.0953788161277771,0.24045449495315552,0.4355302155017853
0.09168371558189392,0.24025706946849823,0.4348640441894531
0.09024176746606827,0.24008990824222565,0.43573829531669617
0.0887579396367073,0.24022449553012848,0.43578633666038513
0.08441457152366638,0.24033479392528534,0.4325416088104248
0.08886422216892242,0.2397962361574173,0.4349806606769562
0.08517400175333023,0.2405845671892166,0.4350714683532715
0.08239824324846268,0.24049729108810425,0.4338282644748688
0.07630572468042374,0.24022996425628662,0.43415290117263794
0.06681244820356369,0.24055716395378113,0.43348902463912964
0.08194593340158463,0.2384730577468872,0.43385055661201477
0.08267035335302353,0.2388639748096466,0.4339640140533447
0.10038604587316513,0.23844531178474426,0.4344094395637512
0.09143569320440292,0.23809048533439636,0.4335455894470215
0.0889507606625557,0.23794904351234436,0.43443965911865234
0.08437305688858032,0.23901866376399994,0.43632498383522034
0.09225628525018692,0.2369624674320221,0.4367257058620453
0.09502490609884262,0.2380584180355072,0.43712353706359863
0.09465386718511581,0.2384921908378601,0.4366154074668884
0.07282014936208725,0.23748230934143066,0.43522948026657104
0.0665816143155098,0.23972174525260925,0.4369511306285858
0.06289694458246231,0.23734541237354279,0.4387997090816498
0.06570184230804443,0.23978789150714874,0.4441889822483063
0.08427482843399048,0.23657254874706268,0.44380423426628113
0.0807582214474678,0.23774059116840363,0.47631579637527466
0.08417975902557373,0.23749375343322754,0.47737860679626465
0.07954762876033783,0.2376297414302826,0.4776788651943207
0.07796770334243774,0.2375815063714981,0.45981621742248535
0.07381657510995865,0.2376955896615982,0.46198752522468567
0.07011976838111877,0.23815305531024933,0.46644729375839233
0.08373329788446426,0.23633632063865662,0.4658040404319763
0.07904352247714996,0.23683156073093414,0.4712982475757599
0.08046157658100128,0.23416005074977875,0.48269975185394287
0.07809244841337204,0.23311194777488708,0.47537750005722046
0.06324728578329086,0.23532772064208984,0.47324058413505554
0.062126241624355316,0.2381013184785843,0.4864412844181061
0.06163526326417923,0.24010531604290009,0.4786292016506195
0.08293088525533676,0.23790796101093292,0.47572413086891174
0.07527749985456467,0.2372247874736786,0.4874975085258484
0.07237792015075684,0.23627221584320068,0.4764881730079651
0.06824545562267303,0.2367829829454422,0.4800735414028168
0.0592842660844326,0.2362440675497055,0.4707740247249603
0.03433902934193611,0.2344374805688858,0.4647466540336609
0.04242020845413208,0.23518329858779907,0.4545576572418213
0.03505510836839676,0.2347722053527832,0.45799025893211365
0.06993918865919113,0.23707348108291626,0.46337997913360596
0.07006192952394485,0.23846425116062164,0.47167080640792847
0.08307787775993347,0.23870602250099182,0.4827249348163605
0.061820000410079956,0.24274294078350067,0.4865697920322418
0.053294647485017776,0.25204184651374817,0.48955288529396057
0.051675744354724884,0.22708553075790405,0.4931155741214752
0.04834210127592087,0.2214752733707428,0.4872320592403412
0.04858669266104698,0.2178715616464615,0.47611987590789795
0.06643474102020264,0.21271587908267975,0.473810613155365
0.04874623194336891,0.20582140982151031,0.46253666281700134
0.06023417413234711,0.20500676333904266,0.46148502826690674
0.07327642291784286,0.21095632016658783,0.45573166012763977
0.08277300000190735,0.21080507338047028,0.4507433772087097
0.0858752578496933,0.20895607769489288,0.44407615065574646
0.09363396465778351,0.20915119349956512,0.4388251304626465
0.08282248675823212,0.20984892547130585,0.43453216552734375
0.08399023115634918,0.21094679832458496,0.43026894330978394
0.07984519004821777,0.21010828018188477,0.4174424707889557
0.08118237555027008,0.20191369950771332,0.4071277976036072
0.07694883644580841,0.20065253973007202,0.4003731310367584
0.06735765933990479,0.19915498793125153,0.401289701461792
0.05335438624024391,0.19896411895751953,0.3893462121486664
0.059130992740392685,0.19863131642341614,0.38190075755119324
0.08494570106267929,0.19714832305908203,0.36568504571914673
0.09144215285778046,0.19792035222053528,0.36771008372306824
0.10217265784740448,0.2032642811536789,0.36943307518959045
0.0974738672375679,0.20465628802776337,0.37298256158828735
0.10252547264099121,0.20383882522583008,0.3740554749965668
0.09814398735761642,0.2011166661977768,0.3733384907245636
0.08968100696802139,0.2005845308303833,0.37432733178138733
0.09386765956878662,0.1956203132867813,0.3805214464664459
0.07280047982931137,0.2058791071176529,0.3794633746147156
0.06894835829734802,0.20865215361118317,0.3790874183177948
0.08014777302742004,0.20904143154621124,0.3810756504535675
0.0750817209482193,0.20900969207286835,0.37902528047561646
0.06974642723798752,0.20870143175125122,0.38046711683273315
0.07686296105384827,0.20834210515022278,0.37664324045181274
0.0759870857000351,0.20860503613948822,0.3810982406139374
0.07462504506111145,0.20984654128551483,0.3838334381580353
0.07004555314779282,0.22257071733474731,0.3811900019645691
0.06874410063028336,0.22836269438266754,0.38057395815849304
0.06288153678178787,0.22673505544662476,0.3804505467414856
0.05641447752714157,0.2343607246875763,0.3794442415237427
0.03399547562003136,0.23503541946411133,0.37834542989730835
0.04589991271495819,0.23548828065395355,0.3815980851650238
0.05712354928255081,0.22867536544799805,0.38122522830963135
0.07178789377212524,0.23571662604808807,0.37823835015296936
0.07152733951807022,0.233259379863739,0.3787705600261688
0.06630212068557739,0.23578602075576782,0.37877151370048523
0.06113530695438385,0.23595130443572998,0.3700292110443115
0.056939948350191116,0.23656831681728363,0.3832608759403229
0.04950304701924324,0.23721611499786377,0.38772886991500854
0.044820189476013184,0.2379027009010315,0.3865658640861511
0.044689733535051346,0.2386278212070465,0.36666572093963623
0.055788855999708176,0.23946097493171692,0.350429892539978
0.07259150594472885,0.24024289846420288,0.34984779357910156
0.07984290271997452,0.24104435741901398,0.3478638827800751
0.08684706687927246,0.24546872079372406,0.34558236598968506
0.10423257946968079,0.2502615451812744,0.3447241485118866
0.108205646276474,0.25141018629074097,0.3439335227012634
0.10973747074604034,0.2511913776397705,0.3431035876274109
0.0926637202501297,0.25110167264938354,0.3424149453639984
0.08885060995817184,0.2502480745315552,0.34172993898391724
0.09649655967950821,0.24978715181350708,0.3410209119319916
0.09266064316034317,0.2497951090335846,0.3401952087879181
0.09632589668035507,0.25742897391319275,0.3392491936683655
0.10193552821874619,0.2611533999443054,0.33811643719673157
0.10979385673999786,0.26379328966140747,0.3370024263858795
0.11121419072151184,0.2660282850265503,0.33657801151275635
0.10405939072370529,0.26788705587387085,0.33605727553367615
0.07388413697481155,0.26961129903793335,0.3352750837802887
0.06312769651412964,0.27104222774505615,0.33419308066368103
0.055220767855644226,0.27235502004623413,0.33274537324905396
0.061038270592689514,0.26894357800483704,0.33102867007255554
0.06355353444814682,0.27159979939460754,0.32943081855773926
0.06410036236047745,0.22335349023342133,0.3280731737613678
0.07667586952447891,0.19063815474510193,0.32830914855003357
0.08313429355621338,0.20573866367340088,0.3268361985683441
0.07137249410152435,0.18829895555973053,0.3253055214881897
0.07319815456867218,0.1842939555644989,0.32373613119125366
0.07296185940504074,0.20190075039863586,0.32209253311157227
0.07183842360973358,0.2274654358625412,0.3204754889011383
0.07228786498308182,0.23577353358268738,0.31871700286865234
0.0866108313202858,0.23663991689682007,0.3170444369316101
0.08779487013816833,0.2378503531217575,0.31541240215301514
0.09492375701665878,0.23786284029483795,0.3149508237838745
0.09693265706300735,0.23732513189315796,0.3144873082637787
0.09728007018566132,0.23969703912734985,0.31347835063934326
0.09457483887672424,0.24095843732357025,0.31242766976356506
0.06955427676439285,0.24011912941932678,0.3112626373767853
0.07989917695522308,0.24128423631191254,0.3101074993610382
0.07094243913888931,0.24036163091659546,0.30887478590011597
0.06193501874804497,0.23997999727725983,0.3076786696910858
0.0397411584854126,0.24053379893302917,0.30644187331199646
0.04913567006587982,0.2418532520532608,0.3052224814891815
0.06004888564348221,0.24314028024673462,0.30400002002716064
0.06634502857923508,0.24458453059196472,0.3027413487434387
0.05386516824364662,0.24600473046302795,0.30126774311065674
0.04968113452196121,0.24739234149456024,0.2997731566429138
0.04573133587837219,0.24902591109275818,0.29838404059410095
0.043568748980760574,0.25037163496017456,0.2970292568206787
0.05456268787384033,0.2516894042491913,0.2955547273159027
0.010408652015030384,0.25302854180336,0.29435214400291443
-0.0542907677590847,0.2542869746685028,0.2931244969367981
-0.1574096381664276,0.25590014457702637,0.2918974757194519
-0.2080688327550888,0.25737065076828003,0.2906787097454071
-0.26202392578125,0.25898605585098267,0.2895526587963104
-0.312774658203125,0.26042041182518005,0.2884187698364258
-0.582244873046875,0.2624409794807434,0.28729090094566345
-0.9660643339157104,0.2639558017253876,0.2861146926879883
-1.447296142578125,0.26534292101860046,0.2850169241428375
-1.9747620820999146,0.26667162775993347,0.28387394547462463
-2.349426507949829,0.26804912090301514,0.2821330726146698
-2.789825916290283,0.26949501037597656,0.2805354595184326
-3.029327869415283,0.2707405388355255,0.27840399742126465
-3.5493476390838623,0.27155452966690063,0.27590304613113403
-4.476961135864258,0.2720661461353302,0.2745629847049713
-5.349215507507324,0.27252668142318726,0.27332594990730286
-6.310612678527832,0.2734230160713196,0.27212241291999817
-7.026434898376465,0.27458885312080383,0.2707516849040985
-7.57297420501709,0.27606290578842163,0.2692621648311615
-8.247111320495605,0.27756792306900024,0.26776453852653503
-9.263501167297363,0.2791617810726166,0.2663686275482178
-10.327804565429688,0.280661016702652,0.26510244607925415
-12.065997123718262,0.2824898064136505,0.2596135139465332
-12.856404304504395,0.2841125726699829,0.2645241618156433
-13.641562461853027,0.28550985455513,0.26611748337745667
-14.831623077392578,0.28707751631736755,0.2661385238170624
-16.265825271606445,0.2883751392364502,0.2758258283138275
-17.626686096191406,0.2896178364753723,0.2729156017303467
-19.070104598999023,0.2908806800842285,0.2686972916126251
-20.23177719116211,0.29213324189186096,0.26440662145614624
-21.10027313232422,0.2933683693408966,0.2614854574203491
-21.839191436767578,0.2945939898490906,0.24242815375328064
-23.051679611206055,0.2958105802536011,0.23822148144245148
-24.51874542236328,0.2970413565635681,0.23505179584026337
-26.403728485107422,0.29841920733451843,0.23243223130702972
-27.67234992980957,0.299774169921875,0.2302219718694687
-30.888500213623047,0.3014771342277527,0.22803324460983276
-34.6009635925293,0.2172747105360031,0.22610419988632202
-36.131282806396484,0.12545311450958252,0.22445251047611237
-37.09956359863281,0.08624573796987534,0.22269335389137268
-37.971195220947266,0.06069638580083847,-1.5010071992874146
-39.1020393371582,0.04679467901587486,-3.2352302074432373
-40.565887451171875,0.03670251742005348,-4.485902309417725
-41.96961975097656,0.029210109263658524,-5.374026298522949
-43.11085510253906,0.02568056806921959,-5.910526275634766
-44.1817741394043,0.023687927052378654,-5.945682525634766
-45.08005142211914,0.02265782654285431,-5.956942558288574
-46.253787994384766,0.022310370579361916,-5.955723285675049
-47.643680572509766,0.02250334806740284,-5.948398590087891
-49.01723861694336,0.023148413747549057,-5.941776752471924
-50.331993103027344,0.024151168763637543,-5.938907146453857
-51.18712615966797,0.0253430288285017,-6.047336578369141
-52.0809211730957,0.027029195800423622,-6.083287239074707
-53.15757369995117,0.028544936329126358,-6.087314605712891
-55.29869079589844,0.029847117140889168,-6.103946685791016
-56.34635543823242,0.03071901760995388,-6.124088764190674
-57.095802307128906,0.03136102110147476,-6.119785308837891
-58.0161018371582,0.03187333792448044,-6.117496967315674
-59.0225715637207,0.032685115933418274,-6.115879058837891
-60.850669860839844,0.03387024626135826,-6.114842414855957
-61.60477066040039,0.035067010670900345,-6.114872932434082
-62.74884033203125,0.0362638421356678,-6.114841461181641
-63.6024055480957,0.03746664896607399,-6.109928131103516
-64.67325592041016,0.03872031345963478,-6.107212066650391
-65.92133331298828,0.040056921541690826,-6.100131988525391
-67.2931137084961,0.04150039702653885,-6.101810932159424
-69.30609893798828,0.04296085610985756,-6.099491119384766
-70.36714172363281,0.04433605074882507,-6.100345134735107
-71.27427673339844,0.045616500079631805,-6.09436559677124
-72.24810028076172,0.047443121671676636,-6.093479156494141
-72.90104675292969,0.04870334640145302,-6.087101459503174
-73.52799987792969,0.04995116591453552,-6.088657379150391
-74.19023132324219,0.05105147138237953,-6.087528705596924
-74.86042022705078,0.05226321890950203,-6.088200092315674
-75.60223388671875,0.05336509272456169,-6.089603900909424
-76.27520751953125,0.05452029034495354,-6.092808246612549
-76.78006744384766,0.05571407079696655,-6.090306282043457
-77.37350463867188,0.056817006319761276,-6.086796760559082
-77.79670715332031,0.058038193732500076,-6.081546783447266
-78.40655517578125,0.059251174330711365,-6.077885627746582
-79.0694351196289,0.06038213148713112,-6.074803352355957
-79.7857894897461,0.06153085455298424,-6.073246955871582
-80.1688461303711,0.06272763013839722,-6.070346832275391
-80.73780059814453,0.06407611817121506,-6.068242073059082
-81.22896575927734,0.06576445698738098,-6.069613933563232
-81.77745056152344,0.06692715734243393,-6.071782112121582
-82.17662048339844,0.06806965172290802,-6.076237201690674
-82.45542907714844,0.06931097060441971,-6.079899787902832
-82.78307342529297,0.07045914977788925,-6.083927154541016
-83.33385467529297,0.0716681107878685,-6.083165645599365
-83.77877807617188,0.0728168934583664,-6.082615852355957
-84.22406005859375,0.07398739457130432,-6.080448627471924
-84.54024505615234,0.07529591768980026,-6.072392463684082
-84.78108978271484,0.07640877366065979,-6.072513580322266
-84.98074340820312,0.0776074230670929,-6.072117805480957
-85.07559204101562,0.07882198691368103,-6.072666168212891
-85.16618347167969,0.08024659752845764,-6.073398113250732
-85.25001525878906,0.08152494579553604,-6.073398113250732
-85.41085815429688,0.08306702971458435,-6.079380989074707
-85.56997680664062,0.12912610173225403,-6.080052375793457
-85.72814178466797,0.14295119047164917,-6.080387592315674
-85.90242767333984,0.15331724286079407,-6.080357551574707
-86.01561737060547,0.16028904914855957,-6.080479621887207
-86.16547393798828,0.16609320044517517,-6.080602169036865
-86.37407684326172,0.17078900337219238,-6.080785274505615
-86.73388671875,0.17410938441753387,-6.081089973449707
-86.96576690673828,0.17661313712596893,-6.081364631652832
-87.1760482788086,0.17886336147785187,-6.081578254699707
-87.32384490966797,0.18084974586963654,-6.081578254699707
-87.59285736083984,0.18263676762580872,-6.081822395324707
-87.68450164794922,0.18429847061634064,-6.081242561340332
-87.82101440429688,0.1863940805196762,-6.084691047668457
-87.91790008544922,0.18821202218532562,-6.087315082550049
-88.10612487792969,0.18974830210208893,-6.087742805480957
-88.18400573730469,0.19122789800167084,-6.088170051574707
-88.29159545898438,0.19322609901428223,-6.088780403137207
-88.44010925292969,0.19454224407672882,-6.092350482940674
-88.55094909667969,0.195781871676445,-6.100010871887207
-88.60911560058594,0.1972486823797226,-6.100133419036865
-88.6832046508789,0.19861450791358948,-6.099094867706299
-88.76536560058594,0.19986402988433838,-6.104465961456299
-88.8443832397461,0.20104260742664337,-6.106512069702148
-88.92147064208984,0.20227257907390594,-6.104405879974365
-88.98076629638672,0.20352618396282196,-6.09888219833374
-89.0662612915039,0.20482757687568665,-6.093541145324707
-89.15326690673828,0.20610184967517853,-6.093388080596924
-89.18768310546875,0.2073039412498474,-6.093967437744141
-89.22882080078125,0.20863281190395355,-6.096867561340332
-89.32635498046875,0.20999902486801147,-6.100803852081299
-89.35796356201172,0.21137307584285736,-6.100285530090332
-89.40001678466797,0.21304632723331451,-6.099033832550049
-89.39743041992188,0.21243155002593994,-6.09979772567749
-89.390869140625,0.21085236966609955,-6.100345611572266
-89.3792953491211,0.20987124741077423,-6.099950313568115
-89.25102996826172,0.20964579284191132,-6.102451801300049
-88.69902801513672,0.20970407128334045,-6.102269172668457
-88.04205322265625,0.21000540256500244,-6.101261615753174
-87.14000701904297,0.21040043234825134,-6.103213787078857
-86.12085723876953,0.21069006621837616,-6.098790168762207
-85.69732666015625,0.2109275609254837,-6.097599506378174
-85.3912353515625,0.21113379299640656,-6.097721576690674
-85.19178009033203,0.21157462894916534,-6.097294807434082
-85.03694915771484,0.2122330516576767,-6.07355260848999
-84.9322509765625,0.2130517065525055,-6.077519416809082
-84.87133026123047,0.21395465731620789,-6.079624652862549
-84.84327697753906,0.21493816375732422,-6.078892707824707
-84.83596801757812,0.21595242619514465,-6.077580451965332
-84.82603454589844,0.21717898547649384,-6.074802875518799
-84.83843231201172,0.2183150351047516,-6.070439338684082
-84.85794067382812,0.21953414380550385,-6.072727203369141
-84.89321899414062,0.22078245878219604,-6.076847553253174
-84.91329956054688,0.22216786444187164,-6.080357074737549
-84.92161560058594,0.22322741150856018,-6.082523345947266
-84.9013900756836,0.2243310958147049,-6.086125373840332
-84.90652465820312,0.22553323209285736,-6.086826324462891
-84.93905639648438,0.2266591489315033,-6.084384918212891
-84.91936492919922,0.2278548628091812,-6.083561897277832
-84.92354583740234,0.2289675921201706,-6.083744525909424
-84.92766571044922,0.2303781658411026,-6.084018230438232
-84.92987060546875,0.23162178695201874,-6.084812641143799
-84.93305206298828,0.23282848298549652,-6.085911273956299
-84.9343490600586,0.2359897494316101,-6.091343402862549
-84.93637084960938,0.2478991448879242,-6.094852447509766
-84.93392181396484,0.2575417757034302,-6.095493793487549
-84.95348358154297,0.2656790316104889,-6.091342926025391
-84.9549560546875,0.2811390161514282,-6.092869281768799
-84.95222473144531,0.2882789671421051,-6.092869281768799
-84.94878387451172,-0.11257930845022202,-6.084537982940674
-84.94530487060547,-0.2791442275047302,-6.082676410675049
-84.94319915771484,-0.4023437201976776,-6.081515789031982
-84.94170379638672,-0.5023192167282104,-6.081149578094482
-84.93746185302734,-0.5684814453125,-6.077213287353516
-84.93608856201172,-0.6228941679000854,-6.077183246612549
-85.0694580078125,-0.6871642470359802,-6.077122688293457
-85.56778717041016,-0.722015380859375,-6.078464508056641
-86.46971893310547,-0.72637939453125,-6.084202766418457
-87.33880615234375,-0.750701904296875,-6.084202766418457
-88.22883605957031,-0.7799683213233948,-6.084904193878174
-89.03549194335938,-0.81280517578125,-6.087802886962891
-89.71517181396484,-0.8398131132125854,-6.093021392822266
-90.41150665283203,-0.8576049208641052,-6.092258453369141
-91.32305145263672,-0.877471923828125,-6.091190338134766
-92.2984619140625,2.6647651195526123,-6.091434478759766
-93.2305908203125,6.212906360626221,-6.086978912353516
-94.18433380126953,9.310519218444824,-6.088078022003174
-95.09564971923828,13.151749610900879,-6.084751605987549
-95.71832275390625,16.554174423217773,-6.081943511962891
-96.64899444580078,19.953956604003906,-6.084262371063232
-97.6298828125,22.927261352539062,-6.084690570831299
-98.50513458251953,25.898704528808594,-6.082249164581299
-99.39747619628906,28.841411590576172,-6.080082416534424
-100.13147735595703,32.05633544921875,-6.080142974853516
-100.72225952148438,34.759185791015625,-6.081730365753174
-101.32096099853516,38.208648681640625,-6.082400798797607
-102.57453918457031,41.13882064819336,-6.082309722900391
-103.0949935913086,44.35064697265625,-6.082981586456299
-103.60246276855469,47.651058197021484,-6.082279682159424
-104.10243225097656,49.501590728759766,-6.084812641143799
-104.68876647949219,49.85873031616211,-6.077335834503174
-106.1409912109375,49.915122985839844,-6.079929828643799
-107.12220764160156,49.919044494628906,-6.077426910400391
-107.65702819824219,50.02716064453125,-6.075504779815674
-108.09369659423828,50.03121566772461,-6.073612213134766
-109.34740447998047,50.028770446777344,-6.079257965087891
-110.07633972167969,50.02645492553711,-6.081089496612549
-110.75514221191406,50.0244255065918,-6.080021381378174
-111.4336166381836,50.021881103515625,-6.076725006103516
-111.94463348388672,50.020626068115234,-6.070530414581299
-112.40660095214844,50.019676208496094,-6.070560932159424
-112.79818725585938,50.0188102722168,-6.072025299072266
-113.33948516845703,50.02084732055664,-6.068393707275391
-113.96985626220703,50.020809173583984,-6.070927143096924
-114.57057189941406,50.02018356323242,-6.071720600128174
-115.09281921386719,50.01991271972656,-6.071659564971924
-115.63165283203125,50.01963424682617,-6.067845821380615
-116.07877349853516,50.01907730102539,-6.069705963134766
-116.6969985961914,50.01853942871094,-6.069828510284424
-117.36507415771484,50.01803970336914,-6.072788238525391
-117.90901947021484,50.02010726928711,-6.072544097900391
-118.413818359375,50.02275085449219,-6.074039459228516
-118.95663452148438,50.02336883544922,-6.073703765869141
-119.26248931884766,50.022865295410156,-6.077000141143799
-119.56644439697266,50.022090911865234,-6.074161529541016
-120.21744537353516,50.02115249633789,-6.068730354309082
-120.77131652832031,50.02036666870117,-6.069828510284424
-121.25013732910156,50.01961898803711,-6.068668365478516
-121.67560577392578,50.01890182495117,-6.070194244384766
-121.99864959716797,50.0180549621582,-6.074802875518799
-122.31665802001953,50.017215728759766,-6.079075813293457
-122.63156127929688,50.016422271728516,-6.070316791534424
-123.1221694946289,50.01569747924805,-6.069401264190674
-124.16990661621094,50.01530075073242,-6.061985969543457
-124.9267349243164,50.014930725097656,-6.060062408447266
-125.64352416992188,50.01459884643555,-6.060734748840332
-126.26273345947266,50.01430130004883,-6.059757709503174
-126.91392517089844,50.013938903808594,-6.057866096496582
-127.66871643066406,50.0136604309082,-6.059147357940674
-129.05589294433594,50.01239013671875,-6.062382221221924
-129.60208129882812,50.01462936401367,-6.066715717315674
-130.2450714111328,50.02412796020508,-6.086551666259766
-130.74928283691406,50.022987365722656,-6.091007709503174
-131.1636199951172,50.02442932128906,-6.092961311340332
-131.57411193847656,50.017234802246094,-6.093418121337891
-132.02767944335938,50.0140266418457,-6.093418121337891
-132.94525146484375,50.014076232910156,-6.098148345947266
-133.5033721923828,50.01485824584961,-6.102299213409424
-133.848388671875,50.01177978515625,-6.103580951690674
-134.41928100585938,50.0118408203125,-6.104100227355957
-134.87167358398438,50.01152801513672,-6.10516881942749
-135.40127563476562,50.00944519042969,-6.103580951690674
-135.97817993164062,50.005218505859375,-6.103641986846924
-136.57229614257812,50.01396560668945,-6.103703022003174
-136.9796905517578,50.0155143737793,-6.101780414581299
-137.2918243408203,50.02220153808594,-6.107975482940674
-137.5367889404297,50.03879928588867,-6.107487201690674
-137.7979736328125,50.03497314453125,-6.106022834777832
-138.1171875,50.023353576660156,-6.103337287902832
-138.52914428710938,50.02411651611328,-6.102696418762207
-139.02052307128906,50.024959564208984,-6.098026752471924
-139.4856414794922,50.03157043457031,-6.095798969268799
-139.8551025390625,50.03047561645508,-6.096226215362549
-140.16358947753906,50.029842376708984,-6.099430084228516
-140.4796142578125,50.029720306396484,-6.098484516143799
-140.8768768310547,50.02825927734375,-6.097660064697266
-141.3865966796875,50.02779769897461,-6.099246978759766
-141.85464477539062,50.027976989746094,-6.097324848175049
-142.2860107421875,50.024600982666016,-6.096439361572266
-142.6474151611328,50.0250244140625,-6.092960834503174
-142.93565368652344,50.02288055419922,-6.092656135559082
-143.1824493408203,50.02362823486328,-6.095127582550049
-143.48497009277344,50.02159118652344,-6.093296051025391
-143.9069061279297,50.02193069458008,-6.090977191925049
-144.35916137695312,50.020179748535156,-6.087131500244141
-144.74246215820312,50.0195426940918,-6.082097053527832
-145.1173553466797,50.018802642822266,-6.084476947784424
-145.51060485839844,50.017757415771484,-6.085788249969482
-146.19393920898438,50.01786422729492,-6.093021869659424
-146.55523681640625,50.015586853027344,-6.096775531768799
-147.1036376953125,50.01314926147461,-6.101933479309082
-147.60923767089844,50.0107536315918,-6.105412006378174
-147.9945526123047,50.00733184814453,-6.110020637512207
-148.35801696777344,50.00514221191406,-6.112156867980957
-148.59893798828125,50.002845764160156,-6.116703987121582
-148.88235473632812,50.00215530395508,-6.121495246887207
-149.38194274902344,49.998504638671875,-6.130711555480957
-149.88194274902344,50.0002326965332,-6.128788948059082
-150.4567108154297,50.000247955322266,-6.126011848449707
-150.9852752685547,50.00092315673828,-6.121616840362549
-151.36895751953125,50.00162887573242,-6.121982574462891
-151.67164611816406,50.00233459472656,-6.124820709228516
-151.90328979492188,50.00322341918945,-6.125523090362549
-152.15589904785156,50.00431442260742,-6.125950336456299
-152.5735321044922,50.00535202026367,-6.126408576965332
-153.11741638183594,50.00631332397461,-6.126073360443115
-153.6240997314453,50.00731658935547,-6.125889301300049
-154.06077575683594,50.014793395996094,-6.124516010284424
-154.6372833251953,50.01770782470703,-6.123661518096924
-154.8311309814453,50.02192306518555,-6.121830463409424
