benign.location_x,benign.location_y,forward.location_x,forward.location_y,reverse.location_x,reverse.location_y
-87.27606201171875,24.441530227661133,-87.27606201171875,24.441530227661133,-87.27606201171875,24.441530227661133
-87.27606201171875,24.441530227661133,-87.27606201171875,24.441530227661133,-87.27606201171875,24.441530227661133
-87.27606201171875,24.441530227661133,-87.27606201171875,24.441530227661133,-87.27606201171875,24.441530227661133
-87.27606201171875,24.441530227661133,-87.27606201171875,24.441530227661133,-87.27606201171875,24.441530227661133
-87.27606201171875,24.441530227661133,-87.27606201171875,24.441530227661133,-87.27606201171875,24.441530227661133
-87.27606201171875,24.441530227661133,-87.27606201171875,24.441530227661133,-87.27606201171875,24.441530227661133
-87.27606201171875,24.441530227661133,-87.27606201171875,24.441530227661133,-87.27606201171875,24.441530227661133
-87.27606201171875,24.441530227661133,-87.27606201171875,24.441530227661133,-87.27606201171875,24.441530227661133
-87.27606201171875,24.441530227661133,-87.27606201171875,24.441530227661133,-87.27606201171875,24.441530227661133
-87.27606201171875,24.441530227661133,-87.27606201171875,24.441530227661133,-87.27606201171875,24.441530227661133
-87.27606201171875,24.441530227661133,-87.27606201171875,24.441530227661133,-87.27606201171875,24.441530227661133
-87.27606201171875,24.441530227661133,-87.27606201171875,24.441530227661133,-87.27606201171875,24.441530227661133
-87.27606201171875,24.441530227661133,-87.27606201171875,24.441530227661133,-87.27606201171875,24.441530227661133
-87.27606201171875,24.441530227661133,-87.27606201171875,24.441530227661133,-87.27606201171875,24.441530227661133
-87.27606201171875,24.441530227661133,-87.27606201171875,24.441530227661133,-87.27606201171875,24.441530227661133
-87.27606201171875,24.441530227661133,-87.27606201171875,24.441530227661133,-87.27606201171875,24.441530227661133
-87.27606201171875,24.441530227661133,-87.27606201171875,24.441530227661133,-87.27606201171875,24.441530227661133
-87.27409362792969,24.44153594970703,-87.27606201171875,24.441530227661133,-87.27606201171875,24.441530227661133
-87.25995635986328,24.441593170166016,-87.27606201171875,24.441530227661133,-87.27606201171875,24.441530227661133
-87.2289810180664,24.441707611083984,-87.2692642211914,24.441547393798828,-87.27228546142578,24.441539764404297
-87.18388366699219,24.441747665405273,-87.23521423339844,24.441593170166016,-87.25679779052734,24.441593170166016
-87.13875579833984,24.44189453125,-87.19534301757812,24.441749572753906,-87.23114013671875,24.44171142578125
-87.09127044677734,24.44205093383789,-87.15768432617188,24.441879272460938,-87.19860076904297,24.441816329956055
-87.03846740722656,24.442138671875,-87.11563110351562,24.442018508911133,-87.15962982177734,24.44190216064453
-86.97914123535156,24.442235946655273,-87.0644302368164,24.442176818847656,-87.11912536621094,24.44198989868164
-86.91693878173828,24.44235610961914,-87.01525115966797,24.44231605529785,-87.07463836669922,24.442113876342773
-86.85509490966797,24.442487716674805,-86.95929718017578,24.442468643188477,-87.02516174316406,24.442262649536133
-86.78819274902344,24.442638397216797,-86.90270233154297,24.442626953125,-86.97203826904297,24.44240951538086
-86.71170043945312,24.442821502685547,-86.8399887084961,24.44280242919922,-86.91584777832031,24.44256591796875
-86.62648010253906,24.443021774291992,-86.760498046875,24.443023681640625,-86.85813903808594,24.44272804260254
-86.49979400634766,24.443342208862305,-86.66029357910156,24.443300247192383,-86.79273223876953,24.44291114807129
-86.3763656616211,24.44367218017578,-86.57405090332031,24.44354248046875,-86.69709777832031,24.443180084228516
-86.271240234375,24.443946838378906,-86.48550415039062,24.443788528442383,-86.61257934570312,24.443416595458984
-86.15337371826172,24.444276809692383,-86.38641357421875,24.444061279296875,-86.51506042480469,24.44368553161621
-86.03093719482422,24.44463348388672,-86.28489685058594,24.444339752197266,-86.41759490966797,24.443960189819336
-85.8888168334961,24.4450626373291,-86.16825866699219,24.44466209411621,-86.32290649414062,24.444225311279297
-85.74335479736328,24.445499420166016,-86.05706787109375,24.444971084594727,-86.21885681152344,24.44451332092285
-85.60626983642578,24.44590950012207,-85.93126678466797,24.44532012939453,-86.11866760253906,24.444793701171875
-85.46087646484375,24.44633674621582,-85.79743194580078,24.44569206237793,-86.01227569580078,24.44509506225586
-85.3263168334961,24.446733474731445,-85.67649841308594,24.446029663085938,-85.90507507324219,24.445392608642578
-85.18523406982422,24.447145462036133,-85.55052185058594,24.446378707885742,-85.7919921875,24.445707321166992
-85.0297622680664,24.447595596313477,-85.4254379272461,24.446725845336914,-85.67550659179688,24.446035385131836
-84.86968231201172,24.448055267333984,-85.29246520996094,24.447093963623047,-85.55303192138672,24.446374893188477
-84.65711975097656,24.44866371154785,-85.15772247314453,24.447467803955078,-85.42027282714844,24.446744918823242
-84.49974060058594,24.449113845825195,-85.02059173583984,24.44784927368164,-85.29915618896484,24.447078704833984
-84.32548522949219,24.44961166381836,-84.869384765625,24.44826889038086,-85.15003967285156,24.447494506835938
-84.13424682617188,24.450153350830078,-84.72185516357422,24.44867706298828,-84.9789810180664,24.447967529296875
-83.94173431396484,24.45069694519043,-84.56243133544922,24.44911766052246,-84.79926300048828,24.448469161987305
-83.72306823730469,24.451313018798828,-84.40120697021484,24.449567794799805,-84.61524963378906,24.44898223876953
-83.47782897949219,24.45200538635254,-84.2438735961914,24.45000457763672,-84.42223358154297,24.44951820373535
-83.27179718017578,24.452579498291016,-84.06034851074219,24.45051383972168,-84.21638488769531,24.45008659362793
-83.04741668701172,24.45319938659668,-83.84229278564453,24.451120376586914,-84.01150512695312,24.45065689086914
-82.82144165039062,24.453832626342773,-83.63502502441406,24.45169448852539,-83.80156707763672,24.45124053955078
-82.31163787841797,24.455251693725586,-83.41353607177734,24.452306747436523,-83.60600280761719,24.4517822265625
-82.10877990722656,24.455814361572266,-83.12274169921875,24.45311164855957,-83.41020202636719,24.45232582092285
-81.87297821044922,24.45647430419922,-82.87700653076172,24.45379066467285,-83.16629791259766,24.452999114990234
-81.63320922851562,24.45714569091797,-82.69509887695312,24.45429801940918,-82.92122650146484,24.45368194580078
-81.38835906982422,24.457828521728516,-82.43283081054688,24.455026626586914,-82.66075134277344,24.454402923583984
-81.1661605834961,24.458452224731445,-82.18311309814453,24.455717086791992,-82.44625091552734,24.45499610900879
-80.91243743896484,24.45916175842285,-81.96781158447266,24.45631217956543,-82.24903869628906,24.455543518066406
-80.665771484375,24.459856033325195,-81.70458984375,24.457042694091797,-82.05571746826172,24.45608139038086
-80.41133117675781,24.460567474365234,-81.46196746826172,24.457719802856445,-81.86812591552734,24.45659828186035
-80.16148376464844,24.461267471313477,-81.11620330810547,24.458683013916016,-81.67623901367188,24.457130432128906
-79.90367889404297,24.461986541748047,-80.8451919555664,24.45944595336914,-81.46746826171875,24.457714080810547
-79.62174987792969,24.46277618408203,-80.56082916259766,24.46025276184082,-81.2516860961914,24.458316802978516
-79.36128997802734,24.463502883911133,-80.23170471191406,24.461198806762695,-81.02400970458984,24.458953857421875
-79.05543518066406,24.46435546875,-79.87946319580078,24.46221160888672,-80.76321411132812,24.45968246459961
-78.77745056152344,24.465131759643555,-79.59440612792969,24.463041305541992,-80.51509857177734,24.46038055419922
-78.48210144042969,24.465953826904297,-79.3294677734375,24.46381378173828,-80.31085205078125,24.460954666137695
-78.13462829589844,24.466920852661133,-79.09357452392578,24.464496612548828,-80.13223266601562,24.461456298828125
-77.48040771484375,24.468746185302734,-78.83343505859375,24.465248107910156,-79.97907257080078,24.46183967590332
-77.17523956298828,24.4695987701416,-78.57951354980469,24.465988159179688,-79.84896850585938,24.46208953857422
-76.8879165649414,24.47039794921875,-78.33081817626953,24.466711044311523,-79.74554443359375,24.46214485168457
-76.51004028320312,24.471446990966797,-78.08349609375,24.46742820739746,-79.62095642089844,24.462055206298828
-76.20282745361328,24.472293853759766,-77.82595825195312,24.468177795410156,-79.53438568115234,24.46232795715332
-75.93522644042969,24.47303581237793,-77.55255889892578,24.468971252441406,-79.4714126586914,24.46265983581543
-75.66831970214844,24.47378158569336,-77.28854370117188,24.46973419189453,-79.39892578125,24.463075637817383
-75.39540100097656,24.474538803100586,-76.9964599609375,24.4705753326416,-79.34062957763672,24.463451385498047
-75.09835052490234,24.47536277770996,-76.7193603515625,24.471376419067383,-79.31011962890625,24.463640213012695
-74.81246185302734,24.476160049438477,-76.4379653930664,24.472187042236328,-79.28285217285156,24.463809967041016
-74.51749420166016,24.476980209350586,-76.16032409667969,24.47298240661621,-79.26109313964844,24.463953018188477
-74.21305847167969,24.477828979492188,-75.89492797851562,24.473745346069336,-79.24159240722656,24.46407127380371
-73.90630340576172,24.478681564331055,-75.60009765625,24.474586486816406,-79.21942901611328,24.46419906616211
-73.621337890625,24.479469299316406,-75.37002563476562,24.475244522094727,-79.20098114013672,24.464323043823242
-73.30000305175781,24.480363845825195,-75.12254333496094,24.475948333740234,-79.18482208251953,24.464412689208984
-72.95948791503906,24.481307983398438,-74.80548858642578,24.476852416992188,-79.17057800292969,24.46450424194336
-72.558837890625,24.4824161529541,-74.58190155029297,24.477487564086914,-79.15364837646484,24.46462059020996
-72.2525405883789,24.48326873779297,-74.35588073730469,24.478132247924805,-79.14353942871094,24.46468162536621
-71.87004852294922,24.484331130981445,-74.13207244873047,24.47876739501953,-79.1340560913086,24.464740753173828
-71.54878234863281,24.48522186279297,-73.91046905517578,24.47939109802246,-79.12567138671875,24.464792251586914
-71.22310638427734,24.486127853393555,-73.67993927001953,24.480043411254883,-79.11772155761719,24.464839935302734
-70.94630432128906,24.486902236938477,-73.46238708496094,24.48065948486328,-79.11096954345703,24.464887619018555
-70.6455078125,24.487741470336914,-73.24884796142578,24.481258392333984,-79.10446166992188,24.464923858642578
-70.34403991699219,24.48858070373535,-73.0299072265625,24.481874465942383,-79.09878540039062,24.464962005615234
-70.03651428222656,24.48943328857422,-72.8101806640625,24.48249053955078,-79.09375,24.46499252319336
-69.75128936767578,24.490224838256836,-72.60218048095703,24.483076095581055,-79.08929443359375,24.46502113342285
-69.41936492919922,24.491146087646484,-72.37710571289062,24.483705520629883,-79.0848388671875,24.46504020690918
-69.1329116821289,24.491939544677734,-72.16517639160156,24.48430061340332,-79.08116149902344,24.46506690979004
-68.84375762939453,24.492738723754883,-71.96097564697266,24.484865188598633,-79.07707214355469,24.46507453918457
-68.56942749023438,24.49350357055664,-71.75407409667969,24.485441207885742,-79.07315826416016,24.465126037597656
-68.29582977294922,24.494264602661133,-71.55408477783203,24.485998153686523,-79.07012176513672,24.46512794494629
-67.99131774902344,24.49510955810547,-71.35694885253906,24.48654556274414,-79.06785583496094,24.465145111083984
-67.69353485107422,24.495939254760742,-71.14360809326172,24.48713493347168,-79.06562805175781,24.465173721313477
-67.4117202758789,24.496723175048828,-70.93988037109375,24.487701416015625,-79.06412506103516,24.46516227722168
-67.12303924560547,24.49752426147461,-70.70803833007812,24.48834228515625,-79.06315612792969,24.46516227722168
-66.8367691040039,24.498321533203125,-70.49742126464844,24.488922119140625,-79.06242370605469,24.46516227722168
-66.5553970336914,24.499101638793945,-70.03311920166016,24.490198135375977,-79.06200408935547,24.465166091918945
-66.26131439208984,24.49991798400879,-69.77722930908203,24.49090003967285,-79.06175231933594,24.46518325805664
-65.98417663574219,24.500690460205078,-69.5265884399414,24.491586685180664,-79.0616683959961,24.465185165405273
-65.59449005126953,24.501771926879883,-69.28754425048828,24.49224281311035,-79.0617446899414,24.465185165405273
-65.26250457763672,24.50269317626953,-69.05806732177734,24.492868423461914,-79.06197357177734,24.465185165405273
-64.89707946777344,24.503705978393555,-68.82553100585938,24.49350357055664,-79.06239318847656,24.46518325805664
-64.20197296142578,24.505634307861328,-68.52291107177734,24.494325637817383,-79.06298828125,24.46518898010254
-63.59962844848633,24.507314682006836,-68.30670166015625,24.494909286499023,-79.06370544433594,24.46518898010254
-63.20199966430664,24.508419036865234,-68.11345672607422,24.495433807373047,-79.06451416015625,24.465179443359375
-62.86867904663086,24.50934600830078,-67.93402862548828,24.49588966369629,-79.0654525756836,24.46517562866211
-62.58896255493164,24.51130485534668,-67.75010681152344,24.49639892578125,-79.067138671875,24.46516990661621
-62.3176155090332,24.51214027404785,-67.57831573486328,24.496877670288086,-79.07170867919922,24.465158462524414
-62.0468864440918,24.512977600097656,-67.39403533935547,24.49738311767578,-79.07766723632812,24.46514129638672
-61.70841598510742,24.511871337890625,-67.22735595703125,24.497833251953125,-79.08470916748047,24.465145111083984
-61.36797332763672,24.51300048828125,-67.07536315917969,24.49824333190918,-79.0921401977539,24.465087890625
-61.08363723754883,24.51406478881836,-66.91676330566406,24.49867057800293,-79.09947204589844,24.465011596679688
-60.80929946899414,24.515024185180664,-66.76569366455078,24.49907684326172,-79.1065902709961,24.464935302734375
-60.41715621948242,24.516281127929688,-66.6190185546875,24.499469757080078,-79.115478515625,24.464834213256836
-60.12818145751953,24.517154693603516,-66.47595977783203,24.499853134155273,-79.12566375732422,24.464698791503906
-59.829559326171875,24.519006729125977,-66.32411193847656,24.500255584716797,-79.135986328125,24.464595794677734
-59.539833068847656,24.52044105529785,-66.0237808227539,24.501054763793945,-79.14618682861328,24.46453857421875
-59.24315643310547,24.520694732666016,-65.85920715332031,24.501495361328125,-79.15901947021484,24.46446990966797
-58.95764923095703,24.519378662109375,-65.70675659179688,24.50189971923828,-79.1732406616211,24.46436882019043
-58.68248748779297,24.52008819580078,-65.57508087158203,24.50225067138672,-79.18727111816406,24.464279174804688
-58.4015998840332,24.52124786376953,-65.40221405029297,24.502710342407227,-79.20249938964844,24.464197158813477
-58.10031509399414,24.52243995666504,-65.26314544677734,24.50307846069336,-79.21698760986328,24.46412467956543
-57.81452941894531,24.52349090576172,-65.12970733642578,24.50343132019043,-79.23170471191406,24.46401596069336
-57.535003662109375,24.524452209472656,-65.00247192382812,24.503767013549805,-79.2469482421875,24.463930130004883
-57.251522064208984,24.525375366210938,-64.856201171875,24.504154205322266,-79.2588119506836,24.463851928710938
-56.95724868774414,24.526296615600586,-64.7259521484375,24.504493713378906,-79.2713623046875,24.46377182006836
-56.66434860229492,24.527191162109375,-64.60401153564453,24.504817962646484,-79.28648376464844,24.463714599609375
-56.377410888671875,24.528053283691406,-64.485595703125,24.505130767822266,-79.30058288574219,24.463598251342773
-56.04777526855469,24.529035568237305,-64.3586196899414,24.50546646118164,-79.3143310546875,24.463485717773438
-55.67647171020508,24.530067443847656,-64.22482299804688,24.50581932067871,-79.3298568725586,24.46334457397461
-55.26272964477539,24.531232833862305,-64.11028289794922,24.506122589111328,-79.34537506103516,24.46319007873535
-54.97244644165039,24.532054901123047,-63.995121002197266,24.506425857543945,-79.36042785644531,24.46308135986328
-54.47056198120117,24.53350067138672,-63.866268157958984,24.50676727294922,-79.37663269042969,24.462953567504883
-54.159969329833984,24.534374237060547,-63.746253967285156,24.507083892822266,-79.39311981201172,24.462881088256836
-53.84002685546875,24.53526496887207,-63.63978958129883,24.507368087768555,-79.40946960449219,24.46282196044922
-53.519954681396484,24.53615951538086,-63.5311393737793,24.50765037536621,-79.42717742919922,24.4627685546875
-53.208984375,24.53702735900879,-63.42853927612305,24.507925033569336,-79.44802856445312,24.46268081665039
-52.91162109375,24.537860870361328,-63.31903839111328,24.50821304321289,-79.46739196777344,24.462554931640625
-52.56901168823242,24.538801193237305,-63.14472961425781,24.50867462158203,-79.48528289794922,24.462430953979492
-52.255550384521484,24.540571212768555,-63.01212692260742,24.509033203125,-79.5037841796875,24.462371826171875
-51.960140228271484,24.540283203125,-62.87256622314453,24.50939178466797,-79.52207946777344,24.46229362487793
-51.64625930786133,24.541120529174805,-62.76677703857422,24.50999641418457,-79.54008483886719,24.46217155456543
-51.37435531616211,24.541940689086914,-62.64383316040039,24.510622024536133,-79.55815124511719,24.46208953857422
-51.02852249145508,24.542945861816406,-62.53807830810547,24.510560989379883,-79.57642364501953,24.461959838867188
-50.67532730102539,24.54392433166504,-62.432899475097656,24.51064109802246,-79.5956802368164,24.461864471435547
-50.327640533447266,24.544864654541016,-62.30184555053711,24.510833740234375,-79.6157455444336,24.461750030517578
-49.99165344238281,24.545753479003906,-62.19742202758789,24.51104736328125,-79.6358642578125,24.46163558959961
-49.64434051513672,24.546676635742188,-62.111751556396484,24.51116943359375,-79.65727233886719,24.461515426635742
-49.37088394165039,24.54790687561035,-62.0266227722168,24.510936737060547,-79.68190002441406,24.46134376525879
-49.060150146484375,24.54814338684082,-61.94937515258789,24.510536193847656,-79.70557403564453,24.46116828918457
-48.77471923828125,24.54891586303711,-61.865047454833984,24.510997772216797,-79.74018096923828,24.460851669311523
-48.494930267333984,24.549720764160156,-61.784881591796875,24.511377334594727,-79.76020812988281,24.46070098876953
-48.222015380859375,24.55049705505371,-61.7047119140625,24.511642456054688,-79.7784194946289,24.460599899291992
-47.943817138671875,24.551279067993164,-61.626731872558594,24.511837005615234,-79.7886734008789,24.460529327392578
-47.64450454711914,24.552106857299805,-61.548030853271484,24.512001037597656,-79.79901885986328,24.46045684814453
-47.35276412963867,24.55290412902832,-61.47269821166992,24.51214027404785,-79.80923461914062,24.46040153503418
-47.05521011352539,24.553714752197266,-61.383846282958984,24.512287139892578,-79.82478332519531,24.46026039123535
-46.783119201660156,24.55445671081543,-61.2951545715332,24.512441635131836,-79.83869171142578,24.460163116455078
-46.39228820800781,24.555517196655273,-61.213260650634766,24.512577056884766,-79.85260772705078,24.460065841674805
-46.05872344970703,24.55643081665039,-61.132102966308594,24.512714385986328,-79.8666763305664,24.459980010986328
-45.72745895385742,24.55733299255371,-61.049583435058594,24.512845993041992,-79.88082122802734,24.459890365600586
-45.42278289794922,24.557321548461914,-60.97100067138672,24.512977600097656,-79.89518737792969,24.459814071655273
-45.09942626953125,24.55870819091797,-60.87675476074219,24.51315689086914,-79.91041564941406,24.459726333618164
-44.77971267700195,24.559329986572266,-60.80302429199219,24.513282775878906,-79.92460632324219,24.459638595581055
-44.47005081176758,24.559852600097656,-60.7261848449707,24.513410568237305,-79.94064331054688,24.459545135498047
-44.17021942138672,24.56043815612793,-60.66288757324219,24.513519287109375,-79.95616149902344,24.459457397460938
-43.87810516357422,24.561079025268555,-60.59928512573242,24.513629913330078,-79.97052001953125,24.459354400634766
-43.57876968383789,24.561784744262695,-60.535438537597656,24.513736724853516,-79.98526000976562,24.45926856994629
-43.285179138183594,24.5625,-60.47382354736328,24.51384735107422,-80.0018310546875,24.45913314819336
-42.965877532958984,24.56330108642578,-60.41136169433594,24.513954162597656,-80.01790618896484,24.45905876159668
-42.66690444946289,24.56337547302246,-60.35003662109375,24.51406478881836,-80.03421020507812,24.458967208862305
-42.338069915771484,24.56454086303711,-60.28804016113281,24.514171600341797,-80.05192565917969,24.458839416503906
-41.51518630981445,24.566495895385742,-60.23139953613281,24.514272689819336,-80.0716552734375,24.45865249633789
-41.11317825317383,24.56753921508789,-60.17345428466797,24.51437759399414,-80.09026336669922,24.45846939086914
-40.83056640625,24.568300247192383,-60.1175537109375,24.514474868774414,-80.108642578125,24.458282470703125
-40.5558967590332,24.56906509399414,-60.05466842651367,24.514589309692383,-80.12733459472656,24.45808982849121
-40.285987854003906,24.569843292236328,-59.99540328979492,24.514699935913086,-80.14789581298828,24.45787239074707
-39.95207595825195,24.57080841064453,-59.9345817565918,24.51531982421875,-80.16726684570312,24.457660675048828
-39.568084716796875,24.571971893310547,-59.87357711791992,24.515771865844727,-80.18763732910156,24.457504272460938
-39.2269287109375,24.572948455810547,-59.81573486328125,24.515426635742188,-80.20840454101562,24.457380294799805
-38.92020797729492,24.57383918762207,-59.76554489135742,24.515336990356445,-80.22883605957031,24.457258224487305
-38.57081985473633,24.574886322021484,-59.70320510864258,24.515350341796875,-80.25312042236328,24.45710563659668
-38.21192169189453,24.575927734375,-59.652347564697266,24.51541519165039,-80.27006530761719,24.45701026916504
-37.855796813964844,24.576990127563477,-59.6049919128418,24.51548957824707,-80.28836822509766,24.4569034576416
-37.427608489990234,24.578250885009766,-59.552738189697266,24.515581130981445,-80.30697631835938,24.45681381225586
-36.90392303466797,24.579769134521484,-59.50238037109375,24.51565170288086,-80.32563781738281,24.456754684448242
-36.545127868652344,24.580856323242188,-59.45665740966797,24.51572608947754,-80.34637451171875,24.456682205200195
-36.2256965637207,24.581806182861328,-59.41084289550781,24.515844345092773,-80.36515045166016,24.456586837768555
-35.86540603637695,24.582826614379883,-59.36625289916992,24.515872955322266,-80.38414001464844,24.45647621154785
-35.58387756347656,24.58363151550293,-59.3221549987793,24.515810012817383,-80.40226745605469,24.45636749267578
-35.247169494628906,24.584611892700195,-59.27967071533203,24.51601791381836,-80.42048645019531,24.456262588500977
-34.97269058227539,24.58538818359375,-59.23333740234375,24.51601791381836,-80.43946838378906,24.45614242553711
-34.67430114746094,24.586217880249023,-59.18775177001953,24.51506233215332,-80.45828247070312,24.456024169921875
-34.39093017578125,24.586992263793945,-59.14133071899414,24.51521873474121,-80.47695922851562,24.455909729003906
-34.11812210083008,24.58774185180664,-59.09116744995117,24.515859603881836,-80.4957275390625,24.45578956604004
-33.83406448364258,24.58853530883789,-59.04405975341797,24.516260147094727,-80.51483154296875,24.455673217773438
-33.546627044677734,24.589340209960938,-59.001068115234375,24.5164737701416,-80.53365325927734,24.45555877685547
-33.224369049072266,24.59025001525879,-58.96134948730469,24.516603469848633,-80.55672454833984,24.45541763305664
-32.910377502441406,24.591127395629883,-58.921024322509766,24.516706466674805,-80.57777404785156,24.455238342285156
-32.59513473510742,24.592008590698242,-58.87980651855469,24.51679801940918,-80.59908294677734,24.45505142211914
-32.25811767578125,24.592926025390625,-58.83897018432617,24.516881942749023,-80.62071990966797,24.45488166809082
-31.96397590637207,24.59375762939453,-58.79907989501953,24.516950607299805,-80.64227294921875,24.454742431640625
-31.702728271484375,24.59450340270996,-58.75716781616211,24.517024993896484,-80.66598510742188,24.454599380493164
-31.43606185913086,24.595272064208984,-58.71305847167969,24.517107009887695,-80.6871109008789,24.454477310180664
-31.16387176513672,24.59606170654297,-58.67598342895508,24.517168045043945,-80.70989990234375,24.454355239868164
-30.903217315673828,24.596818923950195,-58.63905715942383,24.517230987548828,-80.73110961914062,24.454240798950195
-30.62769889831543,24.597620010375977,-58.601497650146484,24.51729393005371,-80.75151062011719,24.454120635986328
-30.360990524291992,24.598400115966797,-58.56545639038086,24.51735496520996,-80.77287292480469,24.453996658325195
-29.97172737121582,24.59956932067871,-58.52579116821289,24.517423629760742,-80.79523468017578,24.45386505126953
-29.612632751464844,24.600603103637695,-58.47749710083008,24.517425537109375,-80.81905364990234,24.4537296295166
-29.31551170349121,24.601469039916992,-58.43282699584961,24.517518997192383,-80.84342193603516,24.453603744506836
-28.996185302734375,24.602413177490234,-58.391727447509766,24.517553329467773,-80.86688995361328,24.45347785949707
-28.69599723815918,24.603300094604492,-58.3508186340332,24.51761245727539,-80.90193939208984,24.45328140258789
-28.349872589111328,24.60436248779297,-58.311580657958984,24.517702102661133,-80.94295501708984,24.45305824279785
-27.920419692993164,24.60561180114746,-58.270198822021484,24.517805099487305,-80.96669006347656,24.452926635742188
-27.593950271606445,24.60651397705078,-58.2214469909668,24.517934799194336,-80.9873046875,24.452821731567383
-27.16713523864746,24.60763931274414,-58.18354797363281,24.518049240112305,-81.00963592529297,24.452709197998047
-26.815555572509766,24.608551025390625,-58.14319610595703,24.518178939819336,-81.03028869628906,24.452606201171875
-26.426156997680664,24.609638214111328,-58.0998649597168,24.518321990966797,-81.0552749633789,24.452484130859375
-26.07973289489746,24.61058235168457,-58.065731048583984,24.51845932006836,-81.08119201660156,24.45233917236328
-25.789403915405273,24.61140251159668,-58.031551361083984,24.518600463867188,-81.1050033569336,24.45221710205078
-25.461402893066406,24.61234474182129,-57.99772262573242,24.51875114440918,-81.12680053710938,24.45210075378418
-25.131383895874023,24.613265991210938,-57.965389251708984,24.518898010253906,-81.14783477783203,24.451990127563477
-24.843618392944336,24.614084243774414,-57.93229675292969,24.51904296875,-81.1698989868164,24.451871871948242
-24.55133819580078,24.614919662475586,-57.89849090576172,24.51919174194336,-81.1918716430664,24.451749801635742
-24.286693572998047,24.61566925048828,-57.85764694213867,24.519372940063477,-81.21369171142578,24.45163345336914
-24.013195037841797,24.616445541381836,-57.82157897949219,24.519527435302734,-81.23821258544922,24.45149040222168
-23.72756576538086,24.617258071899414,-57.78977966308594,24.51966667175293,-81.26382446289062,24.45134162902832
-23.433517456054688,24.61809539794922,-57.7562255859375,24.519811630249023,-81.2901611328125,24.451196670532227
-23.067102432250977,24.619157791137695,-57.722801208496094,24.51995849609375,-81.31312561035156,24.451066970825195
-22.501432418823242,24.620723724365234,-57.69123840332031,24.520092010498047,-81.33956146240234,24.4509220123291
-22.067827224731445,24.621950149536133,-57.65913009643555,24.520231246948242,-81.3615493774414,24.450801849365234
-21.782142639160156,24.62276840209961,-57.62742233276367,24.520368576049805,-81.38536071777344,24.45067024230957
-21.436635971069336,24.623775482177734,-57.59694290161133,24.520503997802734,-81.40878295898438,24.450544357299805
-21.13953971862793,24.62460708618164,-57.56520462036133,24.520641326904297,-81.43254852294922,24.450414657592773
-20.746721267700195,24.62563705444336,-57.53399658203125,24.520776748657227,-81.45575714111328,24.45029640197754
-20.333587646484375,24.62673568725586,-57.50432586669922,24.520902633666992,-81.48017883300781,24.450162887573242
-20.015722274780273,24.627599716186523,-57.47248840332031,24.521039962768555,-81.50420379638672,24.45003318786621
-19.669986724853516,24.62856101989746,-57.43794250488281,24.521188735961914,-81.5274429321289,24.44990348815918
-19.376270294189453,24.629371643066406,-57.40517044067383,24.52133560180664,-81.5582275390625,24.449743270874023
-19.105266571044922,24.63011932373047,-57.36463928222656,24.521512985229492,-81.58663177490234,24.44959831237793
-18.785341262817383,24.631010055541992,-57.27304458618164,24.52191925048828,-81.61592864990234,24.449438095092773
-18.45351219177246,24.63191795349121,-57.22507095336914,24.522130966186523,-81.64714813232422,24.44927978515625
-18.15375518798828,24.632768630981445,-57.19194793701172,24.52227783203125,-81.67838287353516,24.449125289916992
-17.843931198120117,24.6336669921875,-57.16391372680664,24.52239990234375,-81.70872497558594,24.448965072631836
-17.454936981201172,24.63482666015625,-57.13614273071289,24.52251625061035,-81.73328399658203,24.44882583618164
-17.12814712524414,24.63569450378418,-57.10137176513672,24.522663116455078,-81.75716400146484,24.448699951171875
-16.753612518310547,24.636722564697266,-57.06663131713867,24.522809982299805,-81.78282165527344,24.44856071472168
-16.46253776550293,24.637495040893555,-57.03584289550781,24.5229434967041,-81.8058853149414,24.448442459106445
-16.104961395263672,24.63841438293457,-57.00952911376953,24.523061752319336,-81.83084106445312,24.448305130004883
-15.780105590820312,24.639278411865234,-56.9831428527832,24.523178100585938,-81.85494232177734,24.44817352294922
-15.475007057189941,24.64011001586914,-56.95489501953125,24.523300170898438,-81.87918853759766,24.448041915893555
-15.170315742492676,24.640947341918945,-56.92497253417969,24.523427963256836,-81.90463256835938,24.44790267944336
-14.86622428894043,24.64179801940918,-56.89752960205078,24.523544311523438,-81.93025970458984,24.44776725769043
-14.592399597167969,24.642578125,-56.870018005371094,24.52366065979004,-81.95417022705078,24.447643280029297
-14.303970336914062,24.643407821655273,-56.84430694580078,24.523771286010742,-81.97942352294922,24.447505950927734
-14.015148162841797,24.64425277709961,-56.814666748046875,24.52389907836914,-82.00910186767578,24.447351455688477
-13.678746223449707,24.645254135131836,-56.78742980957031,24.524015426635742,-82.04237365722656,24.447168350219727
-13.398969650268555,24.646060943603516,-56.76129150390625,24.524133682250977,-82.0763931274414,24.446985244750977
-13.100316047668457,24.64689826965332,-56.73643493652344,24.524240493774414,-82.1085205078125,24.446815490722656
-12.570138931274414,24.64833641052246,-56.711814880371094,24.52434730529785,-82.1388931274414,24.446657180786133
-12.217212677001953,24.6492862701416,-56.686946868896484,24.52445411682129,-82.16447448730469,24.446523666381836
-11.930665969848633,24.65007972717285,-56.66175079345703,24.52457046508789,-82.19002532958984,24.446388244628906
-11.647396087646484,24.6508731842041,-56.634765625,24.52469253540039,-82.21477508544922,24.446252822875977
-11.341859817504883,24.6517276763916,-56.61050033569336,24.524799346923828,-82.240478515625,24.446109771728516
-11.046574592590332,24.652557373046875,-56.585121154785156,24.52490997314453,-82.26890563964844,24.445947647094727
-10.616786003112793,24.65377426147461,-56.55342483520508,24.525041580200195,-82.2942886352539,24.445802688598633
-10.321393966674805,24.65461540222168,-56.52408981323242,24.525165557861328,-82.31964874267578,24.445663452148438
-10.023130416870117,24.655466079711914,-56.493408203125,24.52529525756836,-82.3460464477539,24.445507049560547
-9.739494323730469,24.65627098083496,-56.46848678588867,24.525402069091797,-82.37166595458984,24.44536018371582
-9.441390991210938,24.657114028930664,-56.43174362182617,24.525541305541992,-82.39873504638672,24.445207595825195
-9.113289833068848,24.658031463623047,-56.39697265625,24.52570343017578,-82.4242935180664,24.445058822631836
-8.757888793945312,24.659032821655273,-56.3692626953125,24.525842666625977,-82.46100616455078,24.444849014282227
-8.484049797058105,24.65978240966797,-56.3432502746582,24.525968551635742,-82.5126953125,24.444679260253906
-8.074658393859863,24.6608829498291,-56.31737518310547,24.52608871459961,-82.53396606445312,24.44462776184082
-7.72859525680542,24.661855697631836,-56.290340423583984,24.526212692260742,-82.54956817626953,24.4445743560791
-7.420618057250977,24.66271209716797,-56.26348114013672,24.526330947875977,-82.56595611572266,24.444528579711914
-6.759008407592773,24.66448211669922,-56.23654556274414,24.526447296142578,-82.58204650878906,24.44449234008789
-6.430994510650635,24.665456771850586,-56.210384368896484,24.52655792236328,-82.59961700439453,24.4444580078125
-6.1122727394104,24.666383743286133,-56.182743072509766,24.526668548583984,-82.61962890625,24.44442367553711
-5.766758918762207,24.66732406616211,-56.1559944152832,24.52678680419922,-82.63965606689453,24.444379806518555
-5.4250993728637695,24.668283462524414,-56.12984848022461,24.52690315246582,-82.65747833251953,24.444353103637695
-5.082503795623779,24.66922378540039,-56.103607177734375,24.527021408081055,-82.67393493652344,24.444303512573242
-4.742184162139893,24.670190811157227,-56.075199127197266,24.52714729309082,-82.69291687011719,24.4442138671875
-4.448101043701172,24.671022415161133,-56.04716491699219,24.52726173400879,-82.71296691894531,24.444143295288086
-4.156052112579346,24.67184066772461,-56.02103042602539,24.527372360229492,-82.73311614990234,24.44411277770996
-3.8556277751922607,24.672677993774414,-55.99605178833008,24.527482986450195,-82.75189971923828,24.444091796875
-3.548539161682129,24.673524856567383,-55.97113037109375,24.5275821685791,-82.77054595947266,24.44400978088379
-3.231466054916382,24.67437171936035,-55.94624328613281,24.52768325805664,-82.78917694091797,24.443893432617188
-2.904758930206299,24.675209045410156,-55.91973876953125,24.527790069580078,-82.80944061279297,24.44380760192871
-2.482208013534546,24.676340103149414,-55.89492416381836,24.52790641784668,-82.82896423339844,24.443750381469727
-1.2938624620437622,24.6795654296875,-55.870033264160156,24.528011322021484,-82.8489761352539,24.443632125854492
-1.0092800855636597,24.680315017700195,-55.84366989135742,24.528120040893555,-82.86920928955078,24.4434757232666
-0.6887533664703369,24.68117332458496,-55.817108154296875,24.52822494506836,-82.89048767089844,24.443363189697266
-0.3917398750782013,24.68197250366211,-55.79111099243164,24.528329849243164,-82.91099548339844,24.44327735900879
-0.07742231339216232,24.68282699584961,-55.76179885864258,24.52845001220703,-82.93040466308594,24.443180084228516
0.19890019297599792,24.68358039855957,-55.73351287841797,24.528568267822266,-82.95144653320312,24.443082809448242
0.9028113484382629,24.68558692932129,-55.70204544067383,24.52869987487793,-82.972412109375,24.442989349365234
1.1933802366256714,24.686437606811523,-55.649471282958984,24.528932571411133,-82.9954833984375,24.442890167236328
1.5595594644546509,24.687501907348633,-55.6124153137207,24.52909278869629,-83.01839447021484,24.44280433654785
1.9030873775482178,24.68843650817871,-55.58454513549805,24.52921485900879,-83.0427017211914,24.44266128540039
2.525888681411743,24.690168380737305,-55.559940338134766,24.52931785583496,-83.0707015991211,24.442426681518555
2.8341166973114014,24.690982818603516,-55.53519821166992,24.529430389404297,-83.09769439697266,24.442157745361328
3.593594789505005,24.693021774291992,-55.51077651977539,24.529537200927734,-83.12358093261719,24.44189453125
3.883286952972412,24.693811416625977,-55.477561950683594,24.529680252075195,-83.15340423583984,24.441640853881836
4.2058024406433105,24.69472885131836,-55.45136260986328,24.529787063598633,-83.17558288574219,24.44146728515625
4.792407035827637,24.696414947509766,-55.42655944824219,24.52989387512207,-83.20108032226562,24.44127082824707
5.131935119628906,24.697330474853516,-55.40264892578125,24.53000259399414,-83.22535705566406,24.44109344482422
5.379288196563721,24.69801902770996,-55.38019561767578,24.530099868774414,-83.24697875976562,24.44093894958496
5.7049479484558105,24.698938369750977,-55.35414123535156,24.530208587646484,-83.26852416992188,24.440786361694336
5.99133825302124,24.699743270874023,-55.321956634521484,24.530338287353516,-83.2909927368164,24.44062042236328
6.269914627075195,24.700529098510742,-55.29587173461914,24.53044319152832,-83.31645202636719,24.440425872802734
6.585158348083496,24.701425552368164,-55.268192291259766,24.530553817749023,-83.3399429321289,24.44025421142578
6.892485618591309,24.702301025390625,-55.23580551147461,24.530691146850586,-83.36286163330078,24.440082550048828
7.274390697479248,24.703420639038086,-55.20505905151367,24.530826568603516,-83.38484191894531,24.439905166625977
7.992563247680664,24.70548439025879,-55.18079376220703,24.530921936035156,-83.4089126586914,24.439722061157227
8.348091125488281,24.70655059814453,-55.15729904174805,24.531017303466797,-83.4354476928711,24.43951416015625
8.675785064697266,24.707530975341797,-55.13398742675781,24.53111457824707,-83.45875549316406,24.439340591430664
9.003352165222168,24.70846176147461,-55.10969543457031,24.531219482421875,-83.48152923583984,24.439167022705078
9.32087516784668,24.709360122680664,-55.08626937866211,24.531322479248047,-83.50523376464844,24.438989639282227
9.668386459350586,24.710338592529297,-55.06367874145508,24.53141975402832,-83.52887725830078,24.438800811767578
10.46338939666748,24.712446212768555,-55.040409088134766,24.531518936157227,-83.55242919921875,24.438617706298828
11.372185707092285,24.71498680114746,-55.016639709472656,24.5316162109375,-83.57499694824219,24.43844223022461
12.106634140014648,24.717355728149414,-54.993690490722656,24.53171157836914,-83.59765625,24.438268661499023
12.421157836914062,24.718332290649414,-54.97061538696289,24.531808853149414,-83.62166595458984,24.438079833984375
12.726157188415527,24.71921730041504,-54.94302749633789,24.531932830810547,-83.64640808105469,24.43788719177246
13.045818328857422,24.720094680786133,-54.9144172668457,24.53206443786621,-83.67003631591797,24.437707901000977
13.43301010131836,24.721065521240234,-54.88946533203125,24.53215789794922,-83.69778442382812,24.43747901916504
13.810409545898438,24.7220401763916,-54.86576843261719,24.532243728637695,-83.72687530517578,24.437257766723633
14.122490882873535,24.722824096679688,-54.83381271362305,24.53236961364746,-83.753173828125,24.43705177307129
14.436153411865234,24.723602294921875,-54.809364318847656,24.53247833251953,-83.78960418701172,24.436771392822266
14.767583847045898,24.724428176879883,-54.78417205810547,24.5325870513916,-83.83438110351562,24.43642234802246
15.04312801361084,24.725116729736328,-54.76107406616211,24.532690048217773,-83.86888122558594,24.436159133911133
15.91671371459961,24.727495193481445,-54.738739013671875,24.532772064208984,-83.89846801757812,24.435937881469727
17.161420822143555,24.73115348815918,-54.715457916259766,24.532865524291992,-83.92272186279297,24.435754776000977
17.521915435791016,24.732145309448242,-54.693115234375,24.5329532623291,-83.94597625732422,24.435577392578125
17.81031608581543,24.73291015625,-54.670291900634766,24.533050537109375,-83.97364044189453,24.435380935668945
18.13317108154297,24.733747482299805,-54.64688491821289,24.533153533935547,-84.00685119628906,24.435148239135742
18.51321792602539,24.734691619873047,-54.62419128417969,24.533248901367188,-84.03540802001953,24.434932708740234
19.256837844848633,24.736536026000977,-54.60050964355469,24.53334617614746,-84.06048583984375,24.434743881225586
19.552837371826172,24.737274169921875,-54.578739166259766,24.53343391418457,-84.08457946777344,24.434566497802734
19.84402847290039,24.73805046081543,-54.55583190917969,24.533536911010742,-84.1091079711914,24.43438148498535
20.120962142944336,24.738821029663086,-54.528587341308594,24.53367042541504,-84.13821411132812,24.434162139892578
20.409709930419922,24.739648818969727,-54.502685546875,24.533790588378906,-84.16699981689453,24.433944702148438
20.712100982666016,24.740509033203125,-54.47755432128906,24.533918380737305,-84.19349670410156,24.433752059936523
21.054758071899414,24.74151039123535,-54.44681930541992,24.534061431884766,-84.22747039794922,24.43350601196289
21.36353302001953,24.742355346679688,-54.419715881347656,24.5341796875,-84.26121520996094,24.433256149291992
21.721662521362305,24.7432861328125,-54.39741516113281,24.53427505493164,-84.28545379638672,24.433074951171875
22.14234161376953,24.74441909790039,-54.37482452392578,24.53436279296875,-84.3102035522461,24.432889938354492
22.47348976135254,24.74534034729004,-54.350555419921875,24.534460067749023,-84.33523559570312,24.432703018188477
23.1553955078125,24.74712371826172,-54.32813262939453,24.534557342529297,-84.35932159423828,24.432525634765625
23.459632873535156,24.74797821044922,-54.30504608154297,24.53465461730957,-84.3843994140625,24.432340621948242
23.7470703125,24.74879264831543,-54.28193664550781,24.534748077392578,-84.40929412841797,24.432157516479492
24.122352600097656,24.74989128112793,-54.25651550292969,24.534847259521484,-84.4330825805664,24.43198013305664
24.44521713256836,24.75082015991211,-54.23390579223633,24.534942626953125,-84.4580078125,24.431791305541992
24.72691535949707,24.751605987548828,-54.211849212646484,24.53504753112793,-84.4826431274414,24.431598663330078
24.996871948242188,24.75235366821289,-54.18971252441406,24.535158157348633,-84.50782012939453,24.431406021118164
25.257532119750977,24.753070831298828,-54.16734313964844,24.53525733947754,-84.53438568115234,24.431203842163086
25.515193939208984,24.7537841796875,-54.14204788208008,24.53537940979004,-84.5623550415039,24.43099594116211
25.84041404724121,24.754682540893555,-54.11354064941406,24.535491943359375,-84.59407043457031,24.430761337280273
26.149118423461914,24.75550651550293,-54.07832717895508,24.53561019897461,-84.622314453125,24.430559158325195
26.751537322998047,24.75717544555664,-54.016170501708984,24.53581428527832,-84.65302276611328,24.43032455444336
27.044443130493164,24.75804328918457,-53.99208450317383,24.535905838012695,-84.68199920654297,24.430105209350586
27.355619430541992,24.75896644592285,-53.9645881652832,24.536001205444336,-84.71041870117188,24.429889678955078
27.812856674194336,24.76031494140625,-53.93696975708008,24.536108016967773,-84.73609161376953,24.42969512939453
28.146930694580078,24.76129913330078,-53.91289520263672,24.536205291748047,-84.76102447509766,24.429508209228516
28.443483352661133,24.76214027404785,-53.88181686401367,24.53633689880371,-84.78929138183594,24.429296493530273
28.70608901977539,24.762868881225586,-53.8529052734375,24.53645896911621,-84.81450653076172,24.429121017456055
29.017107009887695,24.763729095458984,-53.83030700683594,24.536556243896484,-84.83942413330078,24.428932189941406
29.29998779296875,24.764493942260742,-53.80613327026367,24.536659240722656,-84.86495971679688,24.428735733032227
29.589052200317383,24.76527214050293,-53.78144073486328,24.536767959594727,-84.88948059082031,24.428552627563477
29.89646339416504,24.766098022460938,-53.75694274902344,24.536874771118164,-84.91642761230469,24.4283447265625
30.15791893005371,24.766794204711914,-53.72976303100586,24.536991119384766,-84.94312286376953,24.428131103515625
30.47635269165039,24.767677307128906,-53.70322799682617,24.53710174560547,-84.96903228759766,24.427936553955078
30.766830444335938,24.768470764160156,-53.674564361572266,24.5372314453125,-84.99848175048828,24.427717208862305
31.0816593170166,24.769325256347656,-53.64282989501953,24.537364959716797,-85.03067016601562,24.427473068237305
31.370811462402344,24.770105361938477,-53.609745025634766,24.537494659423828,-85.06024169921875,24.427249908447266
31.703609466552734,24.771007537841797,-53.57465362548828,24.537626266479492,-85.09797668457031,24.426965713500977
32.03596496582031,24.77195167541504,-53.54484176635742,24.537710189819336,-85.12464904785156,24.426761627197266
32.387149810791016,24.772932052612305,-53.48686981201172,24.537948608398438,-85.14991760253906,24.42656898498535
33.02666091918945,24.774749755859375,-53.4595947265625,24.538070678710938,-85.17527770996094,24.42637825012207
33.397193908691406,24.775768280029297,-53.42646789550781,24.53821563720703,-85.20308685302734,24.42616081237793
33.71131134033203,24.776655197143555,-53.396820068359375,24.538333892822266,-85.23046875,24.42595863342285
33.989593505859375,24.77744483947754,-53.3651123046875,24.538471221923828,-85.25664520263672,24.425765991210938
34.3286018371582,24.778425216674805,-53.334232330322266,24.538602828979492,-85.28273010253906,24.42557144165039
34.62139892578125,24.779253005981445,-53.30609130859375,24.538724899291992,-85.30862426757812,24.42537498474121
34.942466735839844,24.780141830444336,-53.27713394165039,24.538848876953125,-85.33409118652344,24.425180435180664
35.31574249267578,24.7811279296875,-53.24018478393555,24.53900909423828,-85.36066436767578,24.424972534179688
35.630062103271484,24.78199005126953,-53.209442138671875,24.539134979248047,-85.38613891601562,24.424787521362305
35.894432067871094,24.782724380493164,-53.182796478271484,24.539241790771484,-85.41520690917969,24.424570083618164
36.17778015136719,24.78351593017578,-53.15505599975586,24.539369583129883,-85.44570922851562,24.424354553222656
36.55363464355469,24.78459930419922,-53.12999725341797,24.53948211669922,-85.47850036621094,24.42410659790039
37.18318176269531,24.786266326904297,-53.10471725463867,24.539596557617188,-85.53112030029297,24.423847198486328
37.481353759765625,24.787118911743164,-53.079124450683594,24.53970718383789,-85.54753112792969,24.423696517944336
38.08012008666992,24.78881072998047,-53.05497741699219,24.539804458618164,-85.56232452392578,24.42351722717285
38.37007522583008,24.78963851928711,-53.03059768676758,24.539901733398438,-85.57772064208984,24.423303604125977
39.114097595214844,24.791696548461914,-53.00161361694336,24.540023803710938,-85.59296417236328,24.42315673828125
39.53689956665039,24.79283332824707,-52.97591781616211,24.54013442993164,-85.61148071289062,24.423017501831055
39.89970779418945,24.79385757446289,-52.94865417480469,24.540250778198242,-85.63075256347656,24.42290687561035
40.49095916748047,24.795394897460938,-52.92173385620117,24.54036521911621,-85.6478271484375,24.422847747802734
40.79662322998047,24.796228408813477,-52.89506149291992,24.540468215942383,-85.66494750976562,24.422800064086914
41.11945724487305,24.797109603881836,-52.86962890625,24.54057502746582,-85.6822509765625,24.42272186279297
41.716453552246094,24.79871368408203,-52.842987060546875,24.540700912475586,-85.70036315917969,24.422582626342773
42.01767349243164,24.799551010131836,-52.80537796020508,24.540863037109375,-85.72179412841797,24.42241668701172
42.6422004699707,24.801294326782227,-52.778480529785156,24.54097557067871,-85.74248504638672,24.422199249267578
42.99991989135742,24.802318572998047,-52.75344467163086,24.541067123413086,-85.76091003417969,24.422067642211914
43.4114875793457,24.803449630737305,-52.72948455810547,24.541162490844727,-85.78172302246094,24.42193031311035
43.735191345214844,24.80437469482422,-52.70318603515625,24.541269302368164,-85.80374145507812,24.421722412109375
44.449520111083984,24.806406021118164,-52.67910385131836,24.541366577148438,-85.82206726074219,24.421571731567383
44.76620101928711,24.8072509765625,-52.65669631958008,24.541461944580078,-85.84062194824219,24.421361923217773
45.15252685546875,24.808256149291992,-52.63438034057617,24.54155731201172,-85.85906219482422,24.42115592956543
45.51066207885742,24.809247970581055,-52.61136245727539,24.541669845581055,-85.87761688232422,24.42094612121582
45.88286590576172,24.810237884521484,-52.5873908996582,24.54178810119629,-85.89673614501953,24.420793533325195
46.71024703979492,24.812589645385742,-52.563232421875,24.541908264160156,-85.91627502441406,24.42067527770996
47.38102340698242,24.814306259155273,-52.53640365600586,24.54203224182129,-85.93535614013672,24.42057228088379
47.78173828125,24.81542205810547,-52.511844635009766,24.54213523864746,-85.95658874511719,24.42047119140625
48.29670715332031,24.816802978515625,-52.48750686645508,24.54241371154785,-85.97673034667969,24.420339584350586
49.02063751220703,24.818721771240234,-52.46085739135742,24.542327880859375,-85.99739074707031,24.42018699645996
49.322322845458984,24.81954002380371,-52.43589782714844,24.542409896850586,-86.01786041259766,24.420021057128906
49.76067352294922,24.82077407836914,-52.410701751708984,24.54241943359375,-86.04158020019531,24.41981315612793
50.19160842895508,24.821998596191406,-52.38837432861328,24.542526245117188,-86.0654296875,24.419607162475586
50.58437728881836,24.82313346862793,-52.36502456665039,24.542280197143555,-86.088134765625,24.41948699951172
50.96561813354492,24.824066162109375,-52.342288970947266,24.542083740234375,-86.11641693115234,24.41931915283203
51.312870025634766,24.824953079223633,-52.31782531738281,24.5421085357666,-86.14185333251953,24.419164657592773
51.621341705322266,24.82577896118164,-52.2941780090332,24.54189682006836,-86.16371154785156,24.419017791748047
51.93257141113281,24.826623916625977,-52.27057647705078,24.542261123657227,-86.18607330322266,24.41887092590332
52.198909759521484,24.82735252380371,-52.247406005859375,24.542526245117188,-86.20763397216797,24.41871452331543
52.50872802734375,24.828231811523438,-52.2226448059082,24.542720794677734,-86.23027801513672,24.418581008911133
52.86805725097656,24.829242706298828,-52.19533920288086,24.54286766052246,-86.25276184082031,24.41845703125
53.19163513183594,24.83023452758789,-52.16922378540039,24.542978286743164,-86.27581787109375,24.4183292388916
53.505950927734375,24.83121109008789,-52.143402099609375,24.543075561523438,-86.29877471923828,24.418182373046875
53.99696350097656,24.832721710205078,-52.06920623779297,24.543291091918945,-86.32530212402344,24.417997360229492
54.31214904785156,24.83363151550293,-52.03880310058594,24.54336929321289,-86.35115051269531,24.417842864990234
54.60779571533203,24.834447860717773,-52.01164245605469,24.54345703125,-86.37957000732422,24.41769027709961
54.94756317138672,24.835344314575195,-51.98788833618164,24.543535232543945,-86.40631866455078,24.417505264282227
55.22075653076172,24.836090087890625,-51.9648323059082,24.543609619140625,-86.43550872802734,24.41732406616211
55.605194091796875,24.83719253540039,-51.94091033935547,24.543691635131836,-86.46686553955078,24.417098999023438
55.87982940673828,24.837961196899414,-51.90880584716797,24.543806076049805,-86.49385833740234,24.41693115234375
56.18448257446289,24.83881950378418,-51.883880615234375,24.543903350830078,-86.52284240722656,24.416772842407227
56.52324676513672,24.83976173400879,-51.86107635498047,24.54398536682129,-86.55436706542969,24.416595458984375
56.94516372680664,24.840986251831055,-51.83705139160156,24.544069290161133,-86.57806396484375,24.41645050048828
57.56999206542969,24.84282112121582,-51.81311798095703,24.544145584106445,-86.60209655761719,24.416296005249023
57.85162353515625,24.843656539916992,-51.78845977783203,24.544227600097656,-86.62747192382812,24.416139602661133
58.22368621826172,24.844762802124023,-51.76203536987305,24.54430389404297,-86.65184020996094,24.415998458862305
58.581356048583984,24.84575080871582,-51.72786331176758,24.544445037841797,-86.67533111572266,24.415842056274414
58.879695892333984,24.846576690673828,-51.69774627685547,24.54454803466797,-86.69850158691406,24.415687561035156
59.28050994873047,24.847702026367188,-51.66944885253906,24.544618606567383,-86.72200775146484,24.415536880493164
59.60963821411133,24.848575592041016,-51.63397216796875,24.544734954833984,-86.74976348876953,24.41535186767578
59.884212493896484,24.84929084777832,-51.60320281982422,24.544843673706055,-86.77531433105469,24.41518211364746
60.20783233642578,24.850160598754883,-51.57444381713867,24.54494857788086,-86.79952239990234,24.415021896362305
60.5044059753418,24.850955963134766,-51.54661560058594,24.54505157470703,-86.82307434082031,24.41487693786621
60.821537017822266,24.851818084716797,-51.51607131958008,24.545166015625,-86.8499526977539,24.414710998535156
61.11371994018555,24.852619171142578,-51.48245620727539,24.54534339904785,-86.88142395019531,24.414501190185547
61.433231353759766,24.85350227355957,-51.44192886352539,24.545528411865234,-86.90959167480469,24.414318084716797
61.736419677734375,24.854333877563477,-51.398704528808594,24.545711517333984,-86.9334487915039,24.414161682128906
62.04865264892578,24.85517692565918,-51.34977722167969,24.545917510986328,-86.95760345458984,24.413997650146484
62.287044525146484,24.85578727722168,-51.29679489135742,24.546127319335938,-86.98092651367188,24.413843154907227
62.92466354370117,24.85744857788086,-51.23373794555664,24.546382904052734,-87.00682067871094,24.413679122924805
63.53611755371094,24.858978271484375,-51.14516067504883,24.546735763549805,-87.03253936767578,24.41349983215332
64.13922882080078,24.86052894592285,-51.056678771972656,24.54710578918457,-87.05918884277344,24.41331672668457
64.46574401855469,24.861406326293945,-50.95641326904297,24.54751205444336,-87.09036254882812,24.41310691833496
64.77900695800781,24.862255096435547,-50.83253479003906,24.548025131225586,-87.12445831298828,24.41288185119629
65.08184051513672,24.86308479309082,-50.71659469604492,24.548500061035156,-87.16890716552734,24.412572860717773
65.40229797363281,24.86397361755371,-50.60037612915039,24.54898452758789,-87.21798706054688,24.412267684936523
65.70497131347656,24.86479377746582,-50.47661209106445,24.549495697021484,-87.27067565917969,24.411901473999023
66.00483703613281,24.865602493286133,-50.34028625488281,24.550058364868164,-87.34580993652344,24.411386489868164
66.27070617675781,24.8663272857666,-50.1920051574707,24.550678253173828,-87.47804260253906,24.41050148010254
66.9538345336914,24.868207931518555,-50.01770782470703,24.55140495300293,-87.61817169189453,24.409610748291016
67.53878021240234,24.869848251342773,-49.850677490234375,24.55210304260254,-87.7325668334961,24.40891456604004
67.82276916503906,24.870656967163086,-49.67702102661133,24.552833557128906,-87.83135223388672,24.40831184387207
68.10867309570312,24.871496200561523,-49.50992202758789,24.554616928100586,-87.9354476928711,24.407684326171875
68.4650650024414,24.872583389282227,-49.32280349731445,24.55398178100586,-88.04460144042969,24.407026290893555
68.75216674804688,24.873443603515625,-49.12276077270508,24.554777145385742,-88.20640563964844,24.406049728393555
69.06221008300781,24.874359130859375,-48.930110931396484,24.555736541748047,-88.38326263427734,24.404987335205078
69.40972137451172,24.875350952148438,-48.73896789550781,24.556665420532227,-88.53244018554688,24.40409278869629
69.69511413574219,24.87618064880371,-48.53929138183594,24.55759620666504,-88.68280029296875,24.4031925201416
70.06019592285156,24.87725830078125,-48.33266067504883,24.558536529541016,-88.84001922607422,24.40225601196289
70.31588745117188,24.87798309326172,-48.125579833984375,24.559459686279297,-89.02483367919922,24.401153564453125
70.58507537841797,24.87874412536621,-47.85233688354492,24.560686111450195,-89.24104309082031,24.399869918823242
70.85161590576172,24.879493713378906,-47.61882781982422,24.56174087524414,-89.46903991699219,24.398517608642578
71.15165710449219,24.880319595336914,-47.37281036376953,24.56285858154297,-89.74585723876953,24.396879196166992
71.4688491821289,24.88118553161621,-47.09078598022461,24.56415557861328,-89.97215270996094,24.395544052124023
71.79286193847656,24.88207244873047,-46.79854965209961,24.565507888793945,-90.1812515258789,24.394311904907227
72.18411254882812,24.88311767578125,-46.48122787475586,24.56698226928711,-90.40465545654297,24.39299774169922
72.49262237548828,24.883983612060547,-46.18627166748047,24.568363189697266,-90.62934112548828,24.39167594909668
72.79193878173828,24.884838104248047,-45.87348937988281,24.569835662841797,-90.86312103271484,24.39030647277832
73.12841796875,24.885814666748047,-45.4684944152832,24.571062088012695,-91.09493255615234,24.388952255249023
73.43451690673828,24.886659622192383,-45.056884765625,24.57390785217285,-91.35855865478516,24.38741683959961
73.84366607666016,24.88775062561035,-44.13987731933594,24.57683753967285,-91.60663604736328,24.385976791381836
74.63832092285156,24.88993263244629,-43.689300537109375,24.57834243774414,-91.8672866821289,24.38446807861328
75.27635955810547,24.89179229736328,-43.2913818359375,24.57975959777832,-92.15201568603516,24.382831573486328
75.93876647949219,24.893686294555664,-42.89832305908203,24.58108901977539,-92.44550323486328,24.381149291992188
76.24266815185547,24.89461326599121,-42.59014892578125,24.58112907409668,-92.76075744628906,24.379352569580078
76.54484558105469,24.895526885986328,-42.232994079589844,24.583559036254883,-93.11067962646484,24.377363204956055
76.83113861083984,24.89638328552246,-41.856971740722656,24.585023880004883,-93.48995208740234,24.375219345092773
77.11099243164062,24.8972110748291,-41.51267623901367,24.586137771606445,-93.91519165039062,24.37282371520996
77.47775268554688,24.898298263549805,-41.19719314575195,24.58721160888672,-94.35011291503906,24.37039566040039
77.7446060180664,24.89905548095703,-40.871768951416016,24.588390350341797,-94.791259765625,24.367938995361328
78.04547882080078,24.899898529052734,-40.541141510009766,24.58963966369629,-95.19208526611328,24.365671157836914
78.33795166015625,24.900705337524414,-40.20246887207031,24.590959548950195,-95.58580017089844,24.36353874206543
78.6386947631836,24.90152931213379,-39.816551208496094,24.592496871948242,-96.02188110351562,24.36114501953125
78.93701171875,24.902345657348633,-39.415409088134766,24.594112396240234,-96.41630554199219,24.358978271484375
79.62165832519531,24.90419578552246,-39.01808547973633,24.595727920532227,-96.82229614257812,24.356754302978516
80.01828002929688,24.905441284179688,-38.61434555053711,24.59738540649414,-97.21500396728516,24.3546085357666
80.30156707763672,24.906267166137695,-38.17790603637695,24.599191665649414,-97.63255310058594,24.35233497619629
80.90968322753906,24.90796661376953,-37.82294464111328,24.600671768188477,-98.0406494140625,24.350122451782227
81.31338500976562,24.909013748168945,-37.410335540771484,24.602394104003906,-98.46798706054688,24.347808837890625
81.67046356201172,24.909963607788086,-36.96099853515625,24.604278564453125,-98.89622497558594,24.345502853393555
81.9975357055664,24.91083526611328,-36.59284973144531,24.60582733154297,-99.3328857421875,24.343158721923828
82.307373046875,24.91164779663086,-36.19358825683594,24.607511520385742,-99.79066467285156,24.340709686279297
82.72223663330078,24.912729263305664,-35.79669189453125,24.609193801879883,-100.33775329589844,24.33779525756836
83.04659271240234,24.913625717163086,-35.39753723144531,24.610897064208984,-100.90521240234375,24.334789276123047
83.36042785644531,24.914518356323242,-34.909732818603516,24.61298942565918,-101.44407653808594,24.331947326660156
83.67351531982422,24.91542625427246,-34.49272537231445,24.614789962768555,-101.98072052001953,24.32912826538086
84.02494049072266,24.91646957397461,-34.07200241088867,24.61661148071289,-102.57749938964844,24.326013565063477
84.36978149414062,24.916629791259766,-33.63308334350586,24.61852264404297,-103.0743637084961,24.323427200317383
84.689208984375,24.916027069091797,-33.2119026184082,24.620363235473633,-103.59091186523438,24.320751190185547
85.34341430664062,24.91423797607422,-32.66143035888672,24.622785568237305,-104.11602020263672,24.318038940429688
85.65928649902344,24.913021087646484,-32.15122604370117,24.625043869018555,-104.64547729492188,24.315319061279297
85.9888687133789,24.911508560180664,-31.5837459564209,24.627573013305664,-105.1407699584961,24.312782287597656
86.3082046508789,24.909894943237305,-31.073551177978516,24.62985610961914,-105.64469146728516,24.31021499633789
86.72490692138672,24.90318489074707,-30.349090576171875,24.63311767578125,-106.15036010742188,24.30764389038086
87.01007843017578,24.893871307373047,-29.802785873413086,24.635595321655273,-106.68170928955078,24.304956436157227
87.3214111328125,24.88105010986328,-29.3005428314209,24.63788604736328,-107.18074798583984,24.302438735961914
87.66252136230469,24.86480712890625,-28.817909240722656,24.640100479125977,-107.70317840576172,24.299816131591797
87.94927215576172,24.84995460510254,-28.31609535217285,24.642412185668945,-108.50362396240234,24.295814514160156
88.63302612304688,24.816070556640625,-27.788000106811523,24.644861221313477,-109.24225616455078,24.292142868041992
88.95905303955078,24.796865463256836,-27.287763595581055,24.647184371948242,-110.2330551147461,24.287250518798828
89.2572021484375,24.772274017333984,-26.7845401763916,24.6495361328125,-111.40187072753906,24.281522750854492
89.610595703125,24.73468017578125,-26.28814125061035,24.651865005493164,-112.03059387207031,24.278461456298828
89.91908264160156,24.696985244750977,-25.80257797241211,24.65414810180664,-112.61224365234375,24.27564239501953
90.28941345214844,24.64794158935547,-25.300317764282227,24.656518936157227,-113.17927551269531,24.272907257080078
90.61128997802734,24.602941513061523,-24.785968780517578,24.658954620361328,-113.8263168334961,24.26979637145996
90.91726684570312,24.55898666381836,-24.19611930847168,24.661760330200195,-114.531005859375,24.266429901123047
91.26576232910156,24.503700256347656,-23.61022186279297,24.664560317993164,-115.24102020263672,24.26305389404297
91.61956787109375,24.435829162597656,-22.985158920288086,24.667560577392578,-115.904052734375,24.25991439819336
91.91925811767578,24.370065689086914,-22.38401222229004,24.67045783996582,-116.50656127929688,24.257076263427734
92.53205108642578,24.22858428955078,-21.62822914123535,24.674123764038086,-117.12741088867188,24.2535400390625
92.88128662109375,24.14312744140625,-20.936595916748047,24.677494049072266,-117.84076690673828,24.250654220581055
93.17803192138672,24.0635929107666,-20.325904846191406,24.680490493774414,-118.85613250732422,24.245914459228516
93.49272918701172,23.9677734375,-19.62648582458496,24.683935165405273,-119.54931640625,24.242589950561523
93.79277038574219,23.86536407470703,-19.0377140045166,24.686853408813477,-120.25062561035156,24.23984718322754
94.06651306152344,23.76496124267578,-18.466772079467773,24.68968963623047,-120.92628479003906,24.23631477355957
94.38227081298828,23.64285659790039,-17.880809783935547,24.692617416381836,-121.62232971191406,24.232418060302734
94.69400024414062,23.520076751708984,-17.294795989990234,24.695556640625,-122.39618682861328,24.228248596191406
95.00067138671875,23.392961502075195,-16.7130126953125,24.698486328125,-123.04360961914062,24.224905014038086
95.26594543457031,23.27968978881836,-16.1326847076416,24.70142364501953,-124.96135711669922,24.215341567993164
95.58424377441406,23.13175392150879,-15.553970336914062,24.704362869262695,-125.60701751708984,24.212324142456055
95.88317108154297,22.97864532470703,-14.96647834777832,24.707355499267578,-126.25698852539062,24.209381103515625
96.23477935791016,22.785356521606445,-14.306568145751953,24.710737228393555,-126.91603088378906,24.20647430419922
96.50423431396484,22.632043838500977,-13.655929565429688,24.71408462524414,-127.59092712402344,24.203556060791016
97.238037109375,22.17996597290039,-12.835987091064453,24.71832275390625,-128.393310546875,24.200159072875977
97.83060455322266,21.739521026611328,-11.712395668029785,24.722381591796875,-129.2197265625,24.196725845336914
98.11309051513672,21.516977310180664,-10.650518417358398,24.725440979003906,-130.0038299560547,24.19351577758789
98.33043670654297,21.343212127685547,-9.886287689208984,24.727514266967773,-130.8922882080078,24.18992805480957
98.54113006591797,21.169843673706055,-9.112186431884766,24.729345321655273,-130.62879943847656,24.130117416381836
98.76700592041016,20.972213745117188,-8.473888397216797,24.73064422607422,-130.44276428222656,24.074228286743164
99.01079559326172,20.745258331298828,-7.779136657714844,24.73185157775879,-130.30966186523438,24.033416748046875
99.26375579833984,20.5020694732666,-6.944538593292236,24.73306655883789,-130.21128845214844,24.003402709960938
99.49173736572266,20.276138305664062,-6.277205467224121,24.733871459960938,-130.14987182617188,23.984115600585938
99.73005676269531,20.033708572387695,-5.638986587524414,24.734535217285156,-130.1652374267578,23.98467254638672
99.93453979492188,19.81800651550293,-5.002142906188965,24.735107421875,-130.21661376953125,23.989620208740234
100.1445083618164,19.582372665405273,-4.331662654876709,24.735639572143555,-130.30645751953125,23.998830795288086
100.36402893066406,19.320709228515625,-3.6432738304138184,24.736122131347656,-130.42477416992188,24.011144638061523
100.57967376708984,19.055145263671875,-2.896101951599121,24.736591339111328,-130.5677490234375,24.02608299255371
100.82202911376953,18.747661590576172,-2.1121084690093994,24.73703956604004,-130.7467803955078,24.044776916503906
101.01194763183594,18.50168228149414,-1.3449186086654663,24.73744773864746,-130.69435119628906,24.040651321411133
101.21028137207031,18.236061096191406,-0.37985944747924805,24.73794174194336,-130.6839141845703,24.04018783569336
101.39395904541016,17.973804473876953,0.430194228887558,24.738344192504883,-130.71009826660156,24.04319190979004
101.75932312011719,17.423959732055664,1.152401328086853,24.738704681396484,-130.748291015625,24.047521591186523
101.93748474121094,17.140623092651367,1.8098527193069458,24.73903465270996,-130.74693298339844,24.04766082763672
102.09481048583984,16.886510848999023,2.4786086082458496,24.7393741607666,-130.75375366210938,24.048404693603516
102.28473663330078,16.567447662353516,3.17283296585083,24.73973274230957,-130.75376892089844,24.04840850830078
102.43610382080078,16.295202255249023,3.8897225856781006,24.740108489990234,-130.75376892089844,24.04839515686035
102.74317932128906,15.721890449523926,4.685187816619873,24.740535736083984,-130.75379943847656,24.048377990722656
102.90221405029297,15.415026664733887,5.400538444519043,24.74092674255371,-130.7538299560547,24.04831886291504
103.13752746582031,14.942689895629883,6.082787990570068,24.741308212280273,-130.75384521484375,24.04827880859375
103.29086303710938,14.616385459899902,6.75688362121582,24.74169921875,-130.75381469726562,24.04845428466797
103.42139434814453,14.315648078918457,7.45894718170166,24.742116928100586,-130.7537841796875,24.048524856567383
103.56146240234375,13.972856521606445,8.214338302612305,24.74257469177246,-130.75372314453125,24.048805236816406
103.72252655029297,13.559785842895508,9.042882919311523,24.74309730529785,-130.7537078857422,24.048690795898438
103.95552825927734,12.910659790039062,9.89688491821289,24.743656158447266,-130.75369262695312,24.048791885375977
104.0570068359375,12.594937324523926,10.715484619140625,24.744211196899414,-130.753662109375,24.04874038696289
104.14327239990234,12.312403678894043,11.489622116088867,24.7447509765625,-130.7536163330078,24.048995971679688
104.24443054199219,11.970062255859375,12.61170482635498,24.745563507080078,-130.7535858154297,24.049007415771484
104.32701110839844,11.684497833251953,13.396512985229492,24.746150970458984,-130.75352478027344,24.04927635192871
104.4342041015625,11.308935165405273,14.180800437927246,24.74675941467285,-130.75350952148438,24.049184799194336
104.53041076660156,10.952332496643066,14.877290725708008,24.747310638427734,-130.75347900390625,24.04923439025879
104.6042251586914,10.655832290649414,15.648832321166992,24.74793815612793,-130.7534637451172,24.04920196533203
104.68263244628906,10.323748588562012,16.35393714904785,24.74852180480957,-130.7534637451172,24.049137115478516
104.75436401367188,10.006735801696777,17.09620475769043,24.749155044555664,-130.75344848632812,24.04900550842285
104.81871032714844,9.715119361877441,17.865970611572266,24.749826431274414,-130.75343322753906,24.049129486083984
104.9177017211914,9.257716178894043,18.579204559326172,24.750463485717773,-130.75341796875,24.049285888671875
104.9803695678711,8.950135231018066,19.370826721191406,24.75118064880371,-130.7533721923828,24.04950714111328
105.04804229736328,8.589558601379395,20.158748626708984,24.751916885375977,-130.75335693359375,24.049650192260742
105.11212921142578,8.22622013092041,20.89462661743164,24.75261688232422,-130.7533416748047,24.049768447875977
105.23772430419922,7.513954162597656,21.64318084716797,24.75334358215332,-130.75331115722656,24.04982566833496
105.29827117919922,7.148377418518066,22.424076080322266,24.754117965698242,-130.7532958984375,24.049945831298828
105.35638427734375,6.756956100463867,23.304996490478516,24.75501251220703,-130.75328063964844,24.05004119873047
105.39812469482422,6.455713748931885,24.40930938720703,24.75615882873535,-130.75328063964844,24.04996681213379
105.44454193115234,6.104589939117432,25.17060089111328,24.756969451904297,-130.7532958984375,24.04987907409668
105.48755645751953,5.767831802368164,25.919218063354492,24.757780075073242,-130.7532958984375,24.04969596862793
105.52400207519531,5.476663589477539,26.733198165893555,24.75868034362793,-130.75331115722656,24.049556732177734
105.55906677246094,5.174921989440918,27.48664093017578,24.75952911376953,-130.75332641601562,24.049386978149414
105.59856414794922,4.793826103210449,28.280458450317383,24.76043701171875,-130.75332641601562,24.049440383911133
105.63030242919922,4.461888790130615,29.035213470458984,24.761316299438477,-130.75331115722656,24.049468994140625
105.66259765625,4.105432510375977,29.804716110229492,24.762226104736328,-130.75331115722656,24.049562454223633
105.69068908691406,3.785975456237793,30.66549301147461,24.763261795043945,-130.75328063964844,24.049896240234375
105.72064971923828,3.4401283264160156,31.39800453186035,24.764156341552734,-130.75328063964844,24.04987335205078
105.7504653930664,3.0913782119750977,32.187435150146484,24.765140533447266,-130.75328063964844,24.04988670349121
105.77964782714844,2.7489144802093506,32.98785400390625,24.766151428222656,-130.75326538085938,24.049877166748047
105.81147003173828,2.3742425441741943,33.9272575378418,24.767362594604492,-130.75326538085938,24.049848556518555
105.83470153808594,2.086291790008545,34.77080154418945,24.768468856811523,-130.75326538085938,24.049848556518555
105.86432647705078,1.6930582523345947,35.7889518737793,24.76982879638672,-130.7532958984375,24.049596786499023
105.88533020019531,1.4000170230865479,38.4400520324707,24.77446937561035,-130.75328063964844,24.049579620361328
105.90695190429688,1.0893739461898804,39.54145050048828,24.77659034729004,-130.75328063964844,24.049570083618164
105.9310531616211,0.7348532676696777,40.6613655090332,24.77889633178711,-130.7532958984375,24.04956817626953
105.95285034179688,0.4101139307022095,41.656341552734375,24.781084060668945,-130.7532958984375,24.049562454223633
105.97248840332031,0.0943881943821907,42.71221160888672,24.783533096313477,-130.7532958984375,24.04955291748047
105.99293518066406,-0.2657311260700226,43.7945556640625,24.786184310913086,-130.7532958984375,24.049543380737305
106.03398132324219,-1.0158056020736694,44.73194885253906,24.78858184814453,-130.7532958984375,24.049528121948242
106.0758056640625,-1.8104310035705566,45.55521774291992,24.790756225585938,-130.7532958984375,24.049518585205078
106.12589263916016,-2.8271899223327637,46.39652633666992,24.793041229248047,-130.7532958984375,24.04950714111328
106.13885498046875,-3.141685962677002,47.22676086425781,24.79535675048828,-130.7532958984375,24.04950714111328
106.17130279541016,-3.955104351043701,48.04389953613281,24.79768180847168,-130.75331115722656,24.04949951171875
106.18800354003906,-4.385627269744873,48.86302185058594,24.80006217956543,-130.75331115722656,24.04952049255371
106.20101165771484,-4.7562103271484375,49.97789001464844,24.80336570739746,-130.75332641601562,24.04936981201172
106.21453094482422,-5.1571044921875,51.01194763183594,24.806495666503906,-130.75332641601562,24.049266815185547
106.23664855957031,-5.842700004577637,51.92546844482422,24.809303283691406,-130.7533416748047,24.04924964904785
106.25736236572266,-6.51093864440918,52.8339729309082,24.812137603759766,-130.7533416748047,24.049232482910156
106.27350616455078,-7.081567764282227,54.09633255004883,24.816131591796875,-130.7533416748047,24.049211502075195
106.28450012207031,-7.542201519012451,54.94435501098633,24.818851470947266,-130.7533416748047,24.049062728881836
106.29541015625,-8.008731842041016,55.752132415771484,24.82146644592285,-130.75338745117188,24.048734664916992
106.30219268798828,-8.31069278717041,56.717044830322266,24.824621200561523,-130.7533721923828,24.048742294311523
106.30812072753906,-8.605123519897461,57.62184143066406,24.827604293823242,-130.7533721923828,24.04879379272461
106.3131332397461,-8.879274368286133,58.453651428222656,24.830373764038086,-130.75340270996094,24.048559188842773
106.31851959228516,-9.18480110168457,59.24093246459961,24.833011627197266,-130.75341796875,24.048480987548828
106.32394409179688,-9.509246826171875,60.06448745727539,24.835792541503906,-130.75340270996094,24.0485782623291
106.32921600341797,-9.830521583557129,60.90559768676758,24.838651657104492,-130.7533721923828,24.04882049560547
106.33516693115234,-10.211877822875977,61.77996826171875,24.841644287109375,-130.7533416748047,24.04903793334961
106.34697723388672,-11.009011268615723,62.63703918457031,24.844600677490234,-130.7533721923828,24.049028396606445
106.35311889648438,-11.450583457946777,63.44631576538086,24.847414016723633,-130.7533721923828,24.049001693725586
106.36190032958984,-12.139543533325195,64.34146881103516,24.850543975830078,-130.7533721923828,24.048873901367188
106.37433624267578,-13.236943244934082,65.2622299194336,24.85378074645996,-130.75338745117188,24.048707962036133
106.38335418701172,-14.062484741210938,66.18867492675781,24.857067108154297,-130.75338745117188,24.04874038696289
106.39242553710938,-14.912943840026855,67.31723022460938,24.861095428466797,-130.75338745117188,24.048795700073242
106.39591217041016,-15.226530075073242,68.23368072509766,24.86435317993164,-130.75338745117188,24.048757553100586
106.39903259277344,-15.503982543945312,69.3511734008789,24.868337631225586,-130.75340270996094,24.048742294311523
106.4035415649414,-15.901045799255371,70.69412231445312,24.87316131591797,-130.75340270996094,24.048757553100586
106.40962982177734,-16.21358299255371,71.62066650390625,24.87649917602539,-130.75340270996094,24.04865264892578
106.42466735839844,-16.573957443237305,72.49069213867188,24.879642486572266,-130.75340270996094,24.04865837097168
106.44315338134766,-16.88288688659668,73.41461944580078,24.882986068725586,-130.75340270996094,24.0487060546875
106.47259521484375,-17.289350509643555,74.30725860595703,24.8862247467041,-130.75340270996094,24.048614501953125
106.52647399902344,-17.99814796447754,75.13811492919922,24.889245986938477,-130.75338745117188,24.04880714416504
106.55843353271484,-18.374675750732422,76.00481414794922,24.892398834228516,-130.7533721923828,24.048847198486328
106.58738708496094,-18.7062931060791,76.84846496582031,24.895475387573242,-130.75338745117188,24.048845291137695
106.61199951171875,-18.984764099121094,77.78140258789062,24.898883819580078,-130.7533721923828,24.048864364624023
106.63956451416016,-19.294790267944336,78.72994995117188,24.90235710144043,-130.74205017089844,24.048095703125
106.66781616210938,-19.611209869384766,79.68656921386719,24.90586280822754,-130.7353515625,24.047758102416992
106.69647216796875,-19.93178939819336,80.61746215820312,24.909286499023438,-130.744384765625,24.048736572265625
106.72412872314453,-20.240968704223633,81.55264282226562,24.912736892700195,-130.75120544433594,24.04932403564453
106.7497329711914,-20.527568817138672,82.46686553955078,24.91611671447754,-130.751220703125,24.04937744140625
106.77865600585938,-20.851558685302734,83.52989196777344,24.920063018798828,-130.75120544433594,24.04949951171875
106.80674743652344,-21.167200088500977,84.48912811279297,24.92363166809082,-130.7511749267578,24.049678802490234
106.83370208740234,-21.470888137817383,85.5008544921875,24.927413940429688,-130.75119018554688,24.04956817626953
106.86270141601562,-21.798269271850586,86.52479553222656,24.931257247924805,-130.75120544433594,24.049396514892578
106.8910140991211,-22.11776351928711,87.65223693847656,24.935510635375977,-130.751220703125,24.049264907836914
106.91934967041016,-22.436567306518555,88.5107421875,24.938764572143555,-130.75123596191406,24.049169540405273
106.95475006103516,-22.834354400634766,89.40298461914062,24.942157745361328,-130.75123596191406,24.049028396606445
106.9838638305664,-23.162355422973633,90.37339782714844,24.945863723754883,-130.75125122070312,24.049001693725586
107.01708984375,-23.537738800048828,91.28181457519531,24.949350357055664,-130.751220703125,24.04911231994629
107.05120849609375,-23.922475814819336,92.2465591430664,24.953067779541016,-130.75123596191406,24.04914665222168
107.07677459716797,-24.21111488342285,93.14495849609375,24.956546783447266,-130.75123596191406,24.049135208129883
107.1014404296875,-24.489810943603516,94.28456115722656,24.960988998413086,-130.75123596191406,24.04912567138672
107.12828063964844,-24.793277740478516,95.2898941040039,24.964923858642578,-130.75123596191406,24.049089431762695
107.1537857055664,-25.08183479309082,96.26625061035156,24.968767166137695,-130.75123596191406,24.049039840698242
107.18064880371094,-25.385589599609375,97.1932373046875,24.972829818725586,-130.7512664794922,24.048812866210938
107.20557403564453,-25.667551040649414,98.20867919921875,24.976449966430664,-130.75128173828125,24.048673629760742
107.23411560058594,-25.990360260009766,99.20753479003906,24.980504989624023,-130.75128173828125,24.04865264892578
107.2655258178711,-26.345703125,100.23033142089844,24.984582901000977,-130.75128173828125,24.048828125
107.29330444335938,-26.659542083740234,102.50272369384766,24.994388580322266,-130.75128173828125,24.04875373840332
107.32115173339844,-26.973670959472656,103.93876647949219,25.0007266998291,-130.75128173828125,24.04875373840332
107.347900390625,-27.27520751953125,106.50936889648438,25.003726959228516,-130.751220703125,24.049110412597656
107.37337493896484,-27.56216812133789,107.69344329833984,25.003908157348633,-130.75123596191406,24.049184799194336
107.40000915527344,-27.862279891967773,108.8034439086914,25.00313949584961,-130.751220703125,24.049224853515625
107.42829132080078,-28.180753707885742,109.943115234375,25.00115203857422,-130.751220703125,24.04923439025879
107.48123931884766,-28.77702522277832,110.87480163574219,24.99858283996582,-130.75120544433594,24.049406051635742
107.50638580322266,-29.06020736694336,111.80667114257812,24.9951171875,-130.75120544433594,24.049402236938477
107.53427124023438,-29.409147262573242,113.09969329833984,24.989587783813477,-130.75120544433594,24.049406051635742
107.5514907836914,-29.72112274169922,114.51253509521484,24.98027801513672,-130.751220703125,24.049346923828125
107.56172943115234,-30.060638427734375,115.65464782714844,24.97317123413086,-130.75125122070312,24.049102783203125
107.5653305053711,-30.349300384521484,116.73941040039062,24.964017868041992,-130.75125122070312,24.049102783203125
107.5658187866211,-30.6514835357666,117.72012329101562,24.956562042236328,-130.75125122070312,24.049097061157227
107.56389617919922,-30.9554500579834,118.65773010253906,24.94917869567871,-130.75125122070312,24.04897117614746
107.56024932861328,-31.259090423583984,119.63349151611328,24.940921783447266,-130.75128173828125,24.04875946044922
107.55229949951172,-31.566347122192383,120.6316146850586,24.93187141418457,-130.75128173828125,24.048803329467773
107.53624725341797,-31.87473487854004,121.7366943359375,24.92083740234375,-130.7512664794922,24.04884910583496
107.51472473144531,-32.17124557495117,121.64388275146484,24.786762237548828,-130.75125122070312,24.04883575439453
107.48944091796875,-32.462158203125,121.53369903564453,24.65165138244629,-130.75125122070312,24.049022674560547
107.45606231689453,-32.80300521850586,121.43730926513672,24.533658981323242,-130.75125122070312,24.048954010009766
107.414794921875,-33.190120697021484,121.31756591796875,24.387271881103516,-130.751220703125,24.049091339111328
107.38153839111328,-33.46562194824219,121.21129608154297,24.25753402709961,-130.751220703125,24.049211502075195
107.33021545410156,-33.83148956298828,121.10491943359375,24.127817153930664,-130.75123596191406,24.049108505249023
107.2753677368164,-34.17543029785156,121.01171875,24.014293670654297,-130.75123596191406,24.049089431762695
107.2200927734375,-34.49415588378906,120.9184341430664,23.900768280029297,-130.751220703125,24.049196243286133
107.14981842041016,-34.87913513183594,120.82594299316406,23.788265228271484,-130.751220703125,24.049285888671875
107.07864379882812,-35.25394058227539,120.72476196289062,23.66525650024414,-130.751220703125,24.049274444580078
106.98967742919922,-35.71198272705078,120.63957977294922,23.561750411987305,-130.751220703125,24.049203872680664
106.90267181396484,-36.12369918823242,120.53073120117188,23.429523468017578,-130.751220703125,24.04918670654297
106.74427795410156,-36.79424285888672,120.43814086914062,23.31709861755371,-130.751220703125,24.0491943359375
106.67323303222656,-37.07772445678711,120.33654022216797,23.193735122680664,-130.751220703125,24.049163818359375
106.60031127929688,-37.358734130859375,120.2273178100586,23.058162689208984,-130.751220703125,24.04920196533203
106.51883697509766,-37.66566467285156,120.14549255371094,22.937807083129883,-130.75123596191406,24.04909324645996
106.43101501464844,-37.97950744628906,120.08831787109375,22.86184310913086,-130.75120544433594,24.049413681030273
106.23577880859375,-38.62370681762695,120.02944946289062,22.78931427001953,-130.751220703125,24.049293518066406
106.05388641357422,-39.19724655151367,119.96875762939453,22.715986251831055,-130.75120544433594,24.049407958984375
105.93535614013672,-39.55527877807617,119.8637466430664,22.59401512145996,-130.75120544433594,24.04948616027832
105.83612823486328,-39.846866607666016,119.80741882324219,22.52698516845703,-130.75119018554688,24.049556732177734
105.61148834228516,-40.46090316772461,119.74830627441406,22.45640754699707,-130.751220703125,24.049312591552734
105.49427795410156,-40.76024627685547,119.67984008789062,22.37458038330078,-130.751220703125,24.049245834350586
105.3796157836914,-41.04499053955078,119.63350677490234,22.31920623779297,-130.751220703125,24.049306869506836
105.24471282958984,-41.37321090698242,119.58145141601562,22.256996154785156,-130.75120544433594,24.04945182800293
105.12330627441406,-41.66434860229492,119.54570007324219,22.214279174804688,-130.7511749267578,24.049707412719727
104.98748016357422,-41.98715591430664,119.5112075805664,22.17308235168457,-130.7511749267578,24.04970932006836
104.87142944335938,-42.2550048828125,119.47877502441406,22.134349822998047,-130.7511749267578,24.04964828491211
104.74919891357422,-42.52469253540039,119.44833374023438,22.09801483154297,-130.7511749267578,24.049808502197266
104.61195373535156,-42.81787109375,119.41770935058594,22.061458587646484,-130.7511749267578,24.049686431884766
104.47450256347656,-43.104698181152344,119.38658905029297,22.024301528930664,-130.7511749267578,24.04965591430664
104.33706665039062,-43.387535095214844,119.35951232910156,21.99196434020996,-130.7511749267578,24.049657821655273
104.16546630859375,-43.73701477050781,119.33165740966797,21.958721160888672,-130.75115966796875,24.04982566833496
104.02523803710938,-44.01417922973633,119.30296325683594,21.92445945739746,-130.7511749267578,24.049728393554688
103.87187957763672,-44.305442810058594,119.27375030517578,21.88958740234375,-130.75115966796875,24.049726486206055
103.70469665527344,-44.61463165283203,119.24832916259766,21.859256744384766,-130.75119018554688,24.04959487915039
103.55887603759766,-44.87944793701172,119.2226791381836,21.828659057617188,-130.75119018554688,24.049617767333984
103.40000915527344,-45.16488265991211,119.19527435302734,21.79594612121582,-130.75120544433594,24.0495548248291
103.17822265625,-45.55974578857422,119.16798400878906,21.763357162475586,-130.75119018554688,24.04957389831543
103.00877380371094,-45.85956573486328,119.14161682128906,21.731857299804688,-130.75120544433594,24.049428939819336
102.84557342529297,-46.14182662963867,119.11898040771484,21.70480728149414,-130.75119018554688,24.049564361572266
102.6341781616211,-46.491790771484375,119.09458923339844,21.675668716430664,-130.75115966796875,24.049789428710938
102.46437072753906,-46.76581954956055,119.07482147216797,21.65203857421875,-130.7511749267578,24.049728393554688
102.30381774902344,-47.02170181274414,119.05744934082031,21.63127326965332,-130.7511749267578,24.049774169921875
102.13326263427734,-47.29116439819336,119.03988647460938,21.61028480529785,-130.7511749267578,24.04970932006836
101.97113037109375,-47.54592514038086,119.02169036865234,21.588502883911133,-130.75119018554688,24.049509048461914
101.76705932617188,-47.86532974243164,119.00672912597656,21.570594787597656,-130.751220703125,24.049346923828125
101.58121490478516,-48.14993667602539,118.9923324584961,21.553386688232422,-130.7511749267578,24.04973793029785
101.40164947509766,-48.41523742675781,118.98097229003906,21.539806365966797,-130.7413787841797,24.049137115478516
100.96223449707031,-49.05369186401367,118.96913146972656,21.525672912597656,-130.73814392089844,24.049001693725586
100.47222137451172,-49.75149917602539,118.95829010009766,21.512737274169922,-130.74945068359375,24.050067901611328
100.0673599243164,-50.30528259277344,118.9471435546875,21.49944305419922,-130.7501220703125,24.050039291381836
99.85506439208984,-50.58205032348633,118.9355239868164,21.485576629638672,-130.75010681152344,24.05008888244629
99.61615753173828,-50.88930892944336,118.92518615722656,21.473209381103516,-130.7501220703125,24.050172805786133
99.29447937011719,-51.29548263549805,118.91715240478516,21.463592529296875,-130.7501220703125,24.05010414123535
98.84678649902344,-51.83354187011719,118.9111557006836,21.456411361694336,-130.75013732910156,24.049964904785156
98.6707992553711,-52.03833770751953,118.90570831298828,21.449909210205078,-130.75015258789062,24.049787521362305
98.44407653808594,-52.29755401611328,118.90168762207031,21.445096969604492,-130.75025939941406,24.04928207397461
98.24346160888672,-52.52405548095703,118.89955139160156,21.442522048950195,-130.75027465820312,24.04911994934082
98.04244995117188,-52.749412536621094,118.89935302734375,21.442298889160156,-130.7502899169922,24.049049377441406
97.79255676269531,-53.02798080444336,118.90068054199219,21.44384765625,-130.75027465820312,24.04903793334961
97.52727508544922,-53.31626892089844,118.90390014648438,21.44765853881836,-130.75027465820312,24.04903793334961
97.08252716064453,-53.78517532348633,118.90876007080078,21.453388214111328,-130.75030517578125,24.048831939697266
96.77863311767578,-54.09872055053711,118.91543579101562,21.46137809753418,-130.75033569335938,24.048654556274414
96.58119201660156,-54.29967498779297,118.92376708984375,21.471277236938477,-130.75033569335938,24.048608779907227
96.12020111083984,-54.76609420776367,118.93130493164062,21.48025894165039,-130.75033569335938,24.04859161376953
95.90382385253906,-54.97637176513672,118.9391860961914,21.489652633666992,-130.75033569335938,24.048540115356445
95.69017028808594,-55.17918014526367,118.94869995117188,21.500988006591797,-130.75033569335938,24.048608779907227
95.45735168457031,-55.39651107788086,118.95958709716797,21.513900756835938,-130.75033569335938,24.048603057861328
95.20048522949219,-55.63318634033203,118.970947265625,21.527416229248047,-130.75033569335938,24.048595428466797
94.9786605834961,-55.83584976196289,118.9836654663086,21.54253387451172,-130.7503204345703,24.04867935180664
94.76014709472656,-56.03459930419922,118.9989242553711,21.560697555541992,-130.75035095214844,24.048404693603516
94.5270767211914,-56.24599838256836,119.01475524902344,21.579614639282227,-130.75035095214844,24.04843521118164
94.31415557861328,-56.43583679199219,119.03244018554688,21.600677490234375,-130.75035095214844,24.048500061035156
94.12828826904297,-56.59703063964844,119.05180358886719,21.62370491027832,-130.75033569335938,24.04861068725586
93.93175506591797,-56.76456069946289,119.07192993164062,21.6476993560791,-130.75033569335938,24.04863166809082
93.69629669189453,-56.96223831176758,119.09563446044922,21.675945281982422,-130.75030517578125,24.048828125
93.45640563964844,-57.16161346435547,119.12068176269531,21.7058048248291,-130.75030517578125,24.048908233642578
93.23672485351562,-57.3428955078125,119.14973449707031,21.74043083190918,-130.75030517578125,24.04888343811035
93.01005554199219,-57.52906799316406,119.18094635009766,21.77762222290039,-130.7503204345703,24.04874610900879
92.80081176757812,-57.697914123535156,119.21025848388672,21.812570571899414,-130.7503204345703,24.048795700073242
92.60543060302734,-57.851165771484375,119.23975372314453,21.847728729248047,-130.7503204345703,24.04883575439453
92.37629699707031,-58.02720642089844,119.2755355834961,21.89038848876953,-130.7503204345703,24.048763275146484
92.161376953125,-58.19001388549805,119.30455780029297,21.92498016357422,-130.75030517578125,24.048852920532227
91.93999481201172,-58.35601806640625,119.33367919921875,21.959692001342773,-130.75030517578125,24.04888343811035
91.7214126586914,-58.51877975463867,119.36548614501953,21.99761390686035,-130.7502899169922,24.04903221130371
91.50563049316406,-58.678714752197266,119.39900207519531,22.037553787231445,-130.7502899169922,24.04903793334961
91.26172637939453,-58.85895919799805,119.43209838867188,22.076995849609375,-130.75030517578125,24.048934936523438
91.0152816772461,-59.03772735595703,119.468994140625,22.120981216430664,-130.7502899169922,24.049022674560547
90.7791976928711,-59.20400619506836,119.5052490234375,22.164180755615234,-130.75027465820312,24.049118041992188
90.55179595947266,-59.36109161376953,119.54315948486328,22.209362030029297,-130.75025939941406,24.04928207397461
90.3481216430664,-59.500999450683594,119.58975982666016,22.264902114868164,-130.750244140625,24.04949188232422
90.11214447021484,-59.66169357299805,119.63773345947266,22.32207489013672,-130.750244140625,24.04937171936035
89.82401275634766,-59.855751037597656,119.6874771118164,22.381322860717773,-130.75027465820312,24.049318313598633
89.20511627197266,-60.2663688659668,119.7353286743164,22.438304901123047,-130.75030517578125,24.049007415771484
88.9161148071289,-60.45348358154297,119.78816223144531,22.501245498657227,-130.7503204345703,24.048866271972656
88.59989929199219,-60.65086364746094,119.855224609375,22.581064224243164,-130.75033569335938,24.04865837097168
88.33438110351562,-60.8130989074707,119.92178344726562,22.66029167175293,-130.75035095214844,24.048526763916016
88.08030700683594,-60.9680061340332,119.98683166503906,22.737838745117188,-130.7503662109375,24.04833221435547
87.75718688964844,-61.16475296020508,120.05301666259766,22.81663703918457,-130.75038146972656,24.048255920410156
87.49378967285156,-61.32365036010742,120.14531707763672,22.92656898498535,-130.75039672851562,24.048065185546875
87.2618179321289,-61.460384368896484,120.32933044433594,23.14574432373047,-130.7504119873047,24.047868728637695
86.99714660644531,-61.61066436767578,120.39000701904297,23.218017578125,-130.74403381347656,24.047521591186523
86.76172637939453,-61.74106979370117,120.45418548583984,23.29450225830078,-130.74998474121094,24.048158645629883
86.48888397216797,-61.88938903808594,120.51986694335938,23.37278175354004,-130.74996948242188,24.048269271850586
86.20902252197266,-62.03948974609375,120.5898666381836,23.456167221069336,-130.7499237060547,24.048444747924805
85.96617126464844,-62.16855239868164,120.66487121582031,23.54548454284668,-130.74993896484375,24.04842185974121
85.72555541992188,-62.29568862915039,120.7395248413086,23.634382247924805,-130.7499542236328,24.04829978942871
85.48452758789062,-62.42257308959961,120.83463287353516,23.747631072998047,-130.7499542236328,24.04827880859375
85.25042724609375,-62.54351806640625,120.94982147216797,23.884777069091797,-130.7499542236328,24.048263549804688
84.99272155761719,-62.67200469970703,121.0570068359375,24.012409210205078,-130.7499542236328,24.04824447631836
84.68922424316406,-62.81941604614258,121.16016387939453,24.135244369506836,-130.7499542236328,24.048263549804688
84.40702056884766,-62.9538459777832,121.26360321044922,24.258424758911133,-130.7499542236328,24.048269271850586
84.09606170654297,-63.101898193359375,121.38390350341797,24.40184783935547,-130.74993896484375,24.04833221435547
83.48444366455078,-63.38928985595703,121.49665832519531,24.53644561767578,-130.74993896484375,24.048358917236328
83.18153381347656,-63.53076934814453,121.6105728149414,24.672170639038086,-130.74993896484375,24.048437118530273
